T1690,183191.0,183856.0,665.0,2016-04-25 10:53:11,2016-04-25 11:04:16,0,1
T1692,180142.0,183191.0,3049.0,2016-04-25 10:02:22,2016-04-25 10:53:11,0,1
T1694,183856.0,183989.0,133.0,2016-04-25 11:04:16,2016-04-25 11:06:29,0,1
T1695,64792.0,65324.0,532.0,2016-04-24 01:59:52,2016-04-24 02:08:44,0,1
T1696,65324.0,65723.0,399.0,2016-04-24 02:08:44,2016-04-24 02:15:23,0,1
T1697,108526.0,108537.0,11.0,2016-04-24 14:08:46,2016-04-24 14:08:57,0,1
T1698,103445.0,108526.0,5081.0,2016-04-24 12:44:05,2016-04-24 14:08:46,0,1
T1699,165049.0,165581.0,532.0,2016-04-25 05:50:49,2016-04-25 05:59:41,0,1
T1700,149242.0,165049.0,15807.0,2016-04-25 01:27:22,2016-04-25 05:50:49,0,1
T1701,165581.0,166246.0,665.0,2016-04-25 05:59:41,2016-04-25 06:10:46,0,1
T1702,111599.0,111838.0,239.0,2016-04-24 14:59:59,2016-04-24 15:03:58,0,1
T1703,147218.0,155200.0,7982.0,2016-04-25 00:53:38,2016-04-25 03:06:40,0,1
T1705,217429.0,226715.0,9286.0,2016-04-25 20:23:49,2016-04-25 22:58:35,0,1
T1707,66372.0,68517.0,2145.0,2016-04-24 02:26:12,2016-04-24 03:01:57,0,1
T1708,69581.0,70246.0,665.0,2016-04-24 03:19:41,2016-04-24 03:30:46,0,1
T1709,68517.0,69581.0,1064.0,2016-04-24 03:01:57,2016-04-24 03:19:41,0,1
T1710,9024.0,10604.0,1580.0,2016-04-23 10:30:24,2016-04-23 10:56:44,0,1
T1711,3842.0,5443.0,1601.0,2016-04-23 09:04:02,2016-04-23 09:30:43,0,1
T1712,438544.0,439874.0,1330.0,2016-04-28 09:49:04,2016-04-28 10:11:14,0,1
T1713,74179.0,75509.0,1330.0,2016-04-24 04:36:19,2016-04-24 04:58:29,0,1
T1714,108537.0,110344.0,1807.0,2016-04-24 14:08:57,2016-04-24 14:39:04,0,1
T1717,0.0,565.0,565.0,2016-04-23 08:00:00,2016-04-23 08:09:25,0,1
T1718,4322.0,5902.0,1580.0,2016-04-23 09:12:02,2016-04-23 09:38:22,0,1
T1719,3524.0,4322.0,798.0,2016-04-23 08:58:44,2016-04-23 09:12:02,0,1
T1720,20211.0,24797.0,4586.0,2016-04-23 13:36:51,2016-04-23 14:53:17,0,1
T1721,144533.0,145597.0,1064.0,2016-04-25 00:08:53,2016-04-25 00:26:37,0,1
T1722,136517.0,144533.0,8016.0,2016-04-24 21:55:17,2016-04-25 00:08:53,0,1
T1723,145597.0,145996.0,399.0,2016-04-25 00:26:37,2016-04-25 00:33:16,0,1
T1724,17018.0,19353.0,2335.0,2016-04-23 12:43:38,2016-04-23 13:22:33,0,1
T1725,205360.0,214005.0,8645.0,2016-04-25 17:02:40,2016-04-25 19:26:45,0,1
T1726,202700.0,205360.0,2660.0,2016-04-25 16:18:20,2016-04-25 17:02:40,0,1
T1727,313121.0,322831.0,9710.0,2016-04-26 22:58:41,2016-04-27 01:40:31,0,1
T1728,322831.0,322842.0,11.0,2016-04-27 01:40:31,2016-04-27 01:40:42,0,1
T1729,236641.0,239523.0,2882.0,2016-04-26 01:44:01,2016-04-26 02:32:03,0,1
T1730,143516.0,145758.0,2242.0,2016-04-24 23:51:56,2016-04-25 00:29:18,0,1
T1732,2471.0,3036.0,565.0,2016-04-23 08:41:11,2016-04-23 08:50:36,0,1
T1733,227774.0,237380.0,9606.0,2016-04-25 23:16:14,2016-04-26 01:56:20,0,1
T1734,231430.0,236736.0,5306.0,2016-04-26 00:17:10,2016-04-26 01:45:36,0,1
T1735,360935.0,361733.0,798.0,2016-04-27 12:15:35,2016-04-27 12:28:53,0,1
T1736,354549.0,360935.0,6386.0,2016-04-27 10:29:09,2016-04-27 12:15:35,0,1
T1737,20172.0,30098.0,9926.0,2016-04-23 13:36:12,2016-04-23 16:21:38,0,1
T1738,18127.0,19256.0,1129.0,2016-04-23 13:02:07,2016-04-23 13:20:56,0,1
T1739,150561.0,152803.0,2242.0,2016-04-25 01:49:21,2016-04-25 02:26:43,0,1
T1740,77907.0,79892.0,1985.0,2016-04-24 05:38:27,2016-04-24 06:11:32,0,1
T1741,87693.0,91757.0,4064.0,2016-04-24 08:21:33,2016-04-24 09:29:17,0,1
T1742,,,,,,1,0
T1743,,,,,,1,0
T1744,377421.0,396953.0,19532.0,2016-04-27 16:50:21,2016-04-27 22:15:53,0,1
T1745,75292.0,76702.0,1410.0,2016-04-24 04:54:52,2016-04-24 05:18:22,0,1
T1746,67985.0,68517.0,532.0,2016-04-24 02:53:05,2016-04-24 03:01:57,0,1
T1747,68517.0,75292.0,6775.0,2016-04-24 03:01:57,2016-04-24 04:54:52,0,1
T1749,12411.0,15071.0,2660.0,2016-04-23 11:26:51,2016-04-23 12:11:11,0,1
T1750,267967.0,282056.0,14089.0,2016-04-26 10:26:07,2016-04-26 14:20:56,0,1
T1751,231744.0,233473.0,1729.0,2016-04-26 00:22:24,2016-04-26 00:51:13,0,1
T1752,233473.0,235469.0,1996.0,2016-04-26 00:51:13,2016-04-26 01:24:29,0,1
T1753,1130.0,2460.0,1330.0,2016-04-23 08:18:50,2016-04-23 08:41:00,0,1
T1754,2992.0,3524.0,532.0,2016-04-23 08:49:52,2016-04-23 08:58:44,0,1
T1755,2460.0,2992.0,532.0,2016-04-23 08:41:00,2016-04-23 08:49:52,0,1
T1756,188541.0,194395.0,5854.0,2016-04-25 12:22:21,2016-04-25 13:59:55,0,1
T1757,231744.0,238519.0,6775.0,2016-04-26 00:22:24,2016-04-26 02:15:19,0,1
T1758,238519.0,238542.0,23.0,2016-04-26 02:15:19,2016-04-26 02:15:42,0,1
T1759,203020.0,217429.0,14409.0,2016-04-25 16:23:40,2016-04-25 20:23:49,0,1
T1760,98138.0,98149.0,11.0,2016-04-24 11:15:38,2016-04-24 11:15:49,0,1
T1761,94751.0,98138.0,3387.0,2016-04-24 10:19:11,2016-04-24 11:15:38,0,1
T1762,12742.0,15077.0,2335.0,2016-04-23 11:32:22,2016-04-23 12:11:17,0,1
T1763,382150.0,386857.0,4707.0,2016-04-27 18:09:10,2016-04-27 19:27:37,0,1
T1764,377684.0,382150.0,4466.0,2016-04-27 16:54:44,2016-04-27 18:09:10,0,1
T1765,33366.0,33592.0,226.0,2016-04-23 17:16:06,2016-04-23 17:19:52,0,1
T1766,26946.0,29075.0,2129.0,2016-04-23 15:29:06,2016-04-23 16:04:35,0,1
T1767,29075.0,33366.0,4291.0,2016-04-23 16:04:35,2016-04-23 17:16:06,0,1
T1768,155200.0,157007.0,1807.0,2016-04-25 03:06:40,2016-04-25 03:36:47,0,1
T1769,313290.0,314984.0,1694.0,2016-04-26 23:01:30,2016-04-26 23:29:44,0,1
T1770,314984.0,315007.0,23.0,2016-04-26 23:29:44,2016-04-26 23:30:07,0,1
T1771,140314.0,141595.0,1281.0,2016-04-24 22:58:34,2016-04-24 23:19:55,0,1
T1772,42001.0,42027.0,26.0,2016-04-23 19:40:01,2016-04-23 19:40:27,0,1
T1773,42027.0,42293.0,266.0,2016-04-23 19:40:27,2016-04-23 19:44:53,0,1
T1774,41417.0,42001.0,584.0,2016-04-23 19:30:17,2016-04-23 19:40:01,0,1
T1775,138527.0,143848.0,5321.0,2016-04-24 22:28:47,2016-04-24 23:57:28,0,1
T1776,136930.0,138527.0,1597.0,2016-04-24 22:02:10,2016-04-24 22:28:47,0,1
T1777,143848.0,146243.0,2395.0,2016-04-24 23:57:28,2016-04-25 00:37:23,0,1
T1778,120783.0,124625.0,3842.0,2016-04-24 17:33:03,2016-04-24 18:37:05,0,1
T1779,41168.0,45684.0,4516.0,2016-04-23 19:26:08,2016-04-23 20:41:24,0,1
T1780,279226.0,279891.0,665.0,2016-04-26 13:33:46,2016-04-26 13:44:51,0,1
T1781,273744.0,276566.0,2822.0,2016-04-26 12:02:24,2016-04-26 12:49:26,0,1
T1782,276566.0,279226.0,2660.0,2016-04-26 12:49:26,2016-04-26 13:33:46,0,1
T1783,279891.0,282818.0,2927.0,2016-04-26 13:44:51,2016-04-26 14:33:38,0,1
T1785,79189.0,86389.0,7200.0,2016-04-24 05:59:49,2016-04-24 07:59:49,0,1
T1786,36522.0,39232.0,2710.0,2016-04-23 18:08:42,2016-04-23 18:53:52,0,1
T1788,565.0,1130.0,565.0,2016-04-23 08:09:25,2016-04-23 08:18:50,0,1
T1789,16020.0,17149.0,1129.0,2016-04-23 12:27:00,2016-04-23 12:45:49,0,1
T1790,50062.0,52884.0,2822.0,2016-04-23 21:54:22,2016-04-23 22:41:24,0,1
T1791,53449.0,53981.0,532.0,2016-04-23 22:50:49,2016-04-23 22:59:41,0,1
T1792,52884.0,53449.0,565.0,2016-04-23 22:41:24,2016-04-23 22:50:49,0,1
T1793,98358.0,98381.0,23.0,2016-04-24 11:19:18,2016-04-24 11:19:41,0,1
T1794,93164.0,98358.0,5194.0,2016-04-24 09:52:44,2016-04-24 11:19:18,0,1
T1795,86389.0,93164.0,6775.0,2016-04-24 07:59:49,2016-04-24 09:52:44,0,1
T1796,109947.0,114463.0,4516.0,2016-04-24 14:32:27,2016-04-24 15:47:43,0,1
T1797,114463.0,115261.0,798.0,2016-04-24 15:47:43,2016-04-24 16:01:01,0,1
T1798,194614.0,198227.0,3613.0,2016-04-25 14:03:34,2016-04-25 15:03:47,0,1
T1799,343800.0,359810.0,16010.0,2016-04-27 07:30:00,2016-04-27 11:56:50,0,1
T1800,420535.0,422136.0,1601.0,2016-04-28 04:48:55,2016-04-28 05:15:36,0,1
T1801,298560.0,299689.0,1129.0,2016-04-26 18:56:00,2016-04-26 19:14:49,0,1
T1803,303076.0,303641.0,565.0,2016-04-26 20:11:16,2016-04-26 20:20:41,0,1
T1804,304206.0,305335.0,1129.0,2016-04-26 20:30:06,2016-04-26 20:48:55,0,1
T1805,300818.0,303076.0,2258.0,2016-04-26 19:33:38,2016-04-26 20:11:16,0,1
T1806,303641.0,304206.0,565.0,2016-04-26 20:20:41,2016-04-26 20:30:06,0,1
T1807,299689.0,300818.0,1129.0,2016-04-26 19:14:49,2016-04-26 19:33:38,0,1
T1808,139050.0,142856.0,3806.0,2016-04-24 22:37:30,2016-04-24 23:40:56,0,1
T1809,142856.0,145942.0,3086.0,2016-04-24 23:40:56,2016-04-25 00:32:22,0,1
T1810,44584.0,45914.0,1330.0,2016-04-23 20:23:04,2016-04-23 20:45:14,0,1
T1811,532.0,4729.0,4197.0,2016-04-23 08:08:52,2016-04-23 09:18:49,0,1
T1812,8454.0,44584.0,36130.0,2016-04-23 10:20:54,2016-04-23 20:23:04,0,1
T1813,4729.0,8454.0,3725.0,2016-04-23 09:18:49,2016-04-23 10:20:54,0,1
T1814,0.0,532.0,532.0,2016-04-23 08:00:00,2016-04-23 08:08:52,0,1
T1815,296255.0,300246.0,3991.0,2016-04-26 18:17:35,2016-04-26 19:24:06,0,1
T1816,301268.0,323682.0,22414.0,2016-04-26 19:41:08,2016-04-27 01:54:42,0,1
T1817,161925.0,185605.0,23680.0,2016-04-25 04:58:45,2016-04-25 11:33:25,0,1
T1818,70246.0,72108.0,1862.0,2016-04-24 03:30:46,2016-04-24 04:01:48,0,1
T1819,68847.0,70246.0,1399.0,2016-04-24 03:07:27,2016-04-24 03:30:46,0,1
T1820,61621.0,68847.0,7226.0,2016-04-24 01:07:01,2016-04-24 03:07:27,0,1
T1821,146089.0,147218.0,1129.0,2016-04-25 00:34:49,2016-04-25 00:53:38,0,1
T1823,8450.0,11837.0,3387.0,2016-04-23 10:20:50,2016-04-23 11:17:17,0,1
T1824,19353.0,20211.0,858.0,2016-04-23 13:22:33,2016-04-23 13:36:51,0,1
T1825,54643.0,55811.0,1168.0,2016-04-23 23:10:43,2016-04-23 23:30:11,0,1
T1826,55811.0,55837.0,26.0,2016-04-23 23:30:11,2016-04-23 23:30:37,0,1
T1827,55837.0,56103.0,266.0,2016-04-23 23:30:37,2016-04-23 23:35:03,0,1
T1828,150365.0,167075.0,16710.0,2016-04-25 01:46:05,2016-04-25 06:24:35,0,1
T1829,167075.0,167098.0,23.0,2016-04-25 06:24:35,2016-04-25 06:24:58,0,1
T1830,259432.0,261577.0,2145.0,2016-04-26 08:03:52,2016-04-26 08:39:37,0,1
T1831,57223.0,60610.0,3387.0,2016-04-23 23:53:43,2016-04-24 00:50:10,0,1
T1832,14213.0,16020.0,1807.0,2016-04-23 11:56:53,2016-04-23 12:27:00,0,1
T1833,12534.0,14213.0,1679.0,2016-04-23 11:28:54,2016-04-23 11:56:53,0,1
T1834,16020.0,17617.0,1597.0,2016-04-23 12:27:00,2016-04-23 12:53:37,0,1
T1835,135801.0,136930.0,1129.0,2016-04-24 21:43:21,2016-04-24 22:02:10,0,1
T1836,149561.0,149880.0,319.0,2016-04-25 01:32:41,2016-04-25 01:38:00,0,1
T1837,333739.0,335140.0,1401.0,2016-04-27 04:42:19,2016-04-27 05:05:40,0,1
T1838,148308.0,158951.0,10643.0,2016-04-25 01:11:48,2016-04-25 04:09:11,0,1
T1839,134672.0,135801.0,1129.0,2016-04-24 21:24:32,2016-04-24 21:43:21,0,1
T1840,174497.0,179352.0,4855.0,2016-04-25 08:28:17,2016-04-25 09:49:12,0,1
T1841,171000.0,174497.0,3497.0,2016-04-25 07:30:00,2016-04-25 08:28:17,0,1
T1842,279226.0,292775.0,13549.0,2016-04-26 13:33:46,2016-04-26 17:19:35,0,1
T1843,903.0,3238.0,2335.0,2016-04-23 08:15:03,2016-04-23 08:53:58,0,1
T1844,42001.0,42678.0,677.0,2016-04-23 19:40:01,2016-04-23 19:51:18,0,1
T1845,134231.0,135512.0,1281.0,2016-04-24 21:17:11,2016-04-24 21:38:32,0,1
T1846,265405.0,271169.0,5764.0,2016-04-26 09:43:25,2016-04-26 11:19:29,0,1
T1847,171000.0,176443.0,5443.0,2016-04-25 07:30:00,2016-04-25 09:00:43,0,1
T1848,366339.0,377684.0,11345.0,2016-04-27 13:45:39,2016-04-27 16:54:44,0,1
T1849,194395.0,200249.0,5854.0,2016-04-25 13:59:55,2016-04-25 15:37:29,0,1
T1850,372108.0,373237.0,1129.0,2016-04-27 15:21:48,2016-04-27 15:40:37,0,1
T1851,245542.0,245553.0,11.0,2016-04-26 04:12:22,2016-04-26 04:12:33,0,1
T1852,243284.0,245542.0,2258.0,2016-04-26 03:34:44,2016-04-26 04:12:22,0,1
T1853,214005.0,221050.0,7045.0,2016-04-25 19:26:45,2016-04-25 21:24:10,0,1
T1854,149654.0,152476.0,2822.0,2016-04-25 01:34:14,2016-04-25 02:21:16,0,1
T1855,76034.0,76147.0,113.0,2016-04-24 05:07:14,2016-04-24 05:09:07,0,1
T1856,76147.0,76158.0,11.0,2016-04-24 05:09:07,2016-04-24 05:09:18,0,1
T1857,194054.0,203020.0,8966.0,2016-04-25 13:54:14,2016-04-25 16:23:40,0,1
T1859,36282.0,37524.0,1242.0,2016-04-23 18:04:42,2016-04-23 18:25:24,0,1
T1860,166307.0,167054.0,747.0,2016-04-25 06:11:47,2016-04-25 06:24:14,0,1
T1861,114463.0,120050.0,5587.0,2016-04-24 15:47:43,2016-04-24 17:20:50,0,1
T1862,51917.0,56208.0,4291.0,2016-04-23 22:25:17,2016-04-23 23:36:48,0,1
T1863,366328.0,366339.0,11.0,2016-04-27 13:45:28,2016-04-27 13:45:39,0,1
T1864,361733.0,366328.0,4595.0,2016-04-27 12:28:53,2016-04-27 13:45:28,0,1
T1865,62443.0,62466.0,23.0,2016-04-24 01:20:43,2016-04-24 01:21:06,0,1
T1866,467757.0,472585.0,4828.0,2016-04-28 17:55:57,2016-04-28 19:16:25,0,1
T1867,22214.0,24472.0,2258.0,2016-04-23 14:10:14,2016-04-23 14:47:52,0,1
T1868,45684.0,50652.0,4968.0,2016-04-23 20:41:24,2016-04-23 22:04:12,0,1
T1869,141595.0,143516.0,1921.0,2016-04-24 23:19:55,2016-04-24 23:51:56,0,1
T1870,320171.0,322831.0,2660.0,2016-04-27 00:56:11,2016-04-27 01:40:31,0,1
T1871,327753.0,328418.0,665.0,2016-04-27 03:02:33,2016-04-27 03:13:38,0,1
T1872,323496.0,327487.0,3991.0,2016-04-27 01:51:36,2016-04-27 02:58:07,0,1
T1873,327487.0,327753.0,266.0,2016-04-27 02:58:07,2016-04-27 03:02:33,0,1
T1874,333739.0,334138.0,399.0,2016-04-27 04:42:19,2016-04-27 04:48:58,0,1
T1875,332409.0,333739.0,1330.0,2016-04-27 04:20:09,2016-04-27 04:42:19,0,1
T1876,328418.0,332409.0,3991.0,2016-04-27 03:13:38,2016-04-27 04:20:09,0,1
T1877,322831.0,323496.0,665.0,2016-04-27 01:40:31,2016-04-27 01:51:36,0,1
T1878,143848.0,148308.0,4460.0,2016-04-24 23:57:28,2016-04-25 01:11:48,0,1
T1879,152163.0,155045.0,2882.0,2016-04-25 02:16:03,2016-04-25 03:04:05,0,1
T1880,60610.0,61093.0,483.0,2016-04-24 00:50:10,2016-04-24 00:58:13,0,1
T1881,103951.0,105983.0,2032.0,2016-04-24 12:52:31,2016-04-24 13:26:23,0,1
T1882,44584.0,45067.0,483.0,2016-04-23 20:23:04,2016-04-23 20:31:07,0,1
T1883,202700.0,204301.0,1601.0,2016-04-25 16:18:20,2016-04-25 16:45:01,0,1
T1884,127593.0,128258.0,665.0,2016-04-24 19:26:33,2016-04-24 19:37:38,0,1
T1885,123190.0,127593.0,4403.0,2016-04-24 18:13:10,2016-04-24 19:26:33,0,1
T1886,335656.0,338316.0,2660.0,2016-04-27 05:14:16,2016-04-27 05:58:36,0,1
T1887,327753.0,335656.0,7903.0,2016-04-27 03:02:33,2016-04-27 05:14:16,0,1
T1888,58695.0,63550.0,4855.0,2016-04-24 00:18:15,2016-04-24 01:39:10,0,1
T1889,53449.0,58695.0,5246.0,2016-04-23 22:50:49,2016-04-24 00:18:15,0,1
T1890,92154.0,94751.0,2597.0,2016-04-24 09:35:54,2016-04-24 10:19:11,0,1
T1891,171000.0,171992.0,992.0,2016-04-25 07:30:00,2016-04-25 07:46:32,0,1
T1892,171992.0,172231.0,239.0,2016-04-25 07:46:32,2016-04-25 07:50:31,0,1
T1893,56208.0,58015.0,1807.0,2016-04-23 23:36:48,2016-04-24 00:06:55,0,1
T1894,359810.0,377421.0,17611.0,2016-04-27 11:56:50,2016-04-27 16:50:21,0,1
T1895,441676.0,448451.0,6775.0,2016-04-28 10:41:16,2016-04-28 12:34:11,0,1
T1896,448451.0,448462.0,11.0,2016-04-28 12:34:11,2016-04-28 12:34:22,0,1
T1897,1129.0,35717.0,34588.0,2016-04-23 08:18:49,2016-04-23 17:55:17,0,1
T1898,85474.0,87168.0,1694.0,2016-04-24 07:44:34,2016-04-24 08:12:48,0,1
T1899,182207.0,188611.0,6404.0,2016-04-25 10:36:47,2016-04-25 12:23:31,0,1
T1900,45071.0,46878.0,1807.0,2016-04-23 20:31:11,2016-04-23 21:01:18,0,1
T1901,35379.0,37793.0,2414.0,2016-04-23 17:49:39,2016-04-23 18:29:53,0,1
T1902,398121.0,420535.0,22414.0,2016-04-27 22:35:21,2016-04-28 04:48:55,0,1
T1903,396953.0,398121.0,1168.0,2016-04-27 22:15:53,2016-04-27 22:35:21,0,1
T1904,149600.0,150561.0,961.0,2016-04-25 01:33:20,2016-04-25 01:49:21,0,1
T1905,66723.0,67787.0,1064.0,2016-04-24 02:32:03,2016-04-24 02:49:47,0,1
T1906,62466.0,66723.0,4257.0,2016-04-24 01:21:06,2016-04-24 02:32:03,0,1
T1907,212331.0,213078.0,747.0,2016-04-25 18:58:51,2016-04-25 19:11:18,0,1
T1908,152476.0,154283.0,1807.0,2016-04-25 02:21:16,2016-04-25 02:51:23,0,1
T1909,454107.0,454118.0,11.0,2016-04-28 14:08:27,2016-04-28 14:08:38,0,1
T1910,448462.0,454107.0,5645.0,2016-04-28 12:34:22,2016-04-28 14:08:27,0,1
T1911,186446.0,193218.0,6772.0,2016-04-25 11:47:26,2016-04-25 13:40:18,0,1
T1912,183060.0,186446.0,3386.0,2016-04-25 10:51:00,2016-04-25 11:47:26,0,1
T1913,78405.0,79735.0,1330.0,2016-04-24 05:46:45,2016-04-24 06:08:55,0,1
T1915,1130.0,2471.0,1341.0,2016-04-23 08:18:50,2016-04-23 08:41:11,0,1
T1916,84600.0,117581.0,32981.0,2016-04-24 07:30:00,2016-04-24 16:39:41,0,1
T1917,117581.0,120783.0,3202.0,2016-04-24 16:39:41,2016-04-24 17:33:03,0,1
T1918,51329.0,52006.0,677.0,2016-04-23 22:15:29,2016-04-23 22:26:46,0,1
T1919,138072.0,139033.0,961.0,2016-04-24 22:21:12,2016-04-24 22:37:13,0,1
T1920,289603.0,290933.0,1330.0,2016-04-26 16:26:43,2016-04-26 16:48:53,0,1
T1921,148000.0,149921.0,1921.0,2016-04-25 01:06:40,2016-04-25 01:38:41,0,1
T1922,4197.0,4729.0,532.0,2016-04-23 09:09:57,2016-04-23 09:18:49,0,1
T1923,11504.0,12914.0,1410.0,2016-04-23 11:11:44,2016-04-23 11:35:14,0,1
T1924,12914.0,14431.0,1517.0,2016-04-23 11:35:14,2016-04-23 12:00:31,0,1
T1925,4729.0,11504.0,6775.0,2016-04-23 09:18:49,2016-04-23 11:11:44,0,1
T1926,122413.0,128284.0,5871.0,2016-04-24 18:00:13,2016-04-24 19:38:04,0,1
T1927,115752.0,117897.0,2145.0,2016-04-24 16:09:12,2016-04-24 16:44:57,0,1
T1928,128284.0,128816.0,532.0,2016-04-24 19:38:04,2016-04-24 19:46:56,0,1
T1929,117897.0,122413.0,4516.0,2016-04-24 16:44:57,2016-04-24 18:00:13,0,1
T1930,128816.0,129082.0,266.0,2016-04-24 19:46:56,2016-04-24 19:51:22,0,1
T1931,136517.0,145549.0,9032.0,2016-04-24 21:55:17,2016-04-25 00:25:49,0,1
T1932,55191.0,57223.0,2032.0,2016-04-23 23:19:51,2016-04-23 23:53:43,0,1
T1933,221050.0,227774.0,6724.0,2016-04-25 21:24:10,2016-04-25 23:16:14,0,1
T1934,257400.0,259545.0,2145.0,2016-04-26 07:30:00,2016-04-26 08:05:45,0,1
T1935,238542.0,243284.0,4742.0,2016-04-26 02:15:42,2016-04-26 03:34:44,0,1
T1936,41007.0,45071.0,4064.0,2016-04-23 19:23:27,2016-04-23 20:31:11,0,1
T1937,66372.0,67436.0,1064.0,2016-04-24 02:26:12,2016-04-24 02:43:56,0,1
T1938,63550.0,66372.0,2822.0,2016-04-24 01:39:10,2016-04-24 02:26:12,0,1
T1939,4056.0,5185.0,1129.0,2016-04-23 09:07:36,2016-04-23 09:26:25,0,1
T1940,386857.0,398202.0,11345.0,2016-04-27 19:27:37,2016-04-27 22:36:42,0,1
T1941,178774.0,179572.0,798.0,2016-04-25 09:39:34,2016-04-25 09:52:52,0,1
T1942,176645.0,178774.0,2129.0,2016-04-25 09:04:05,2016-04-25 09:39:34,0,1
T1943,171000.0,176645.0,5645.0,2016-04-25 07:30:00,2016-04-25 09:04:05,0,1
T1944,185605.0,188541.0,2936.0,2016-04-25 11:33:25,2016-04-25 12:22:21,0,1
T1945,421014.0,424739.0,3725.0,2016-04-28 04:56:54,2016-04-28 05:58:59,0,1
T1946,407375.0,421014.0,13639.0,2016-04-28 01:09:35,2016-04-28 04:56:54,0,1
T1947,2992.0,4056.0,1064.0,2016-04-23 08:49:52,2016-04-23 09:07:36,0,1
T1949,16020.0,19181.0,3161.0,2016-04-23 12:27:00,2016-04-23 13:19:41,0,1
T1950,88330.0,88895.0,565.0,2016-04-24 08:32:10,2016-04-24 08:41:35,0,1
T1951,135512.0,137113.0,1601.0,2016-04-24 21:38:32,2016-04-24 22:05:13,0,1
T1952,124625.0,134231.0,9606.0,2016-04-24 18:37:05,2016-04-24 21:17:11,0,1
T1953,185088.0,194054.0,8966.0,2016-04-25 11:24:48,2016-04-25 13:54:14,0,1
T1954,76158.0,77907.0,1749.0,2016-04-24 05:09:18,2016-04-24 05:38:27,0,1
T1955,77907.0,79601.0,1694.0,2016-04-24 05:38:27,2016-04-24 06:06:41,0,1
T1956,193446.0,197059.0,3613.0,2016-04-25 13:44:06,2016-04-25 14:44:19,0,1
T1957,137432.0,138072.0,640.0,2016-04-24 22:10:32,2016-04-24 22:21:12,0,1
T1958,141925.0,142856.0,931.0,2016-04-24 23:25:25,2016-04-24 23:40:56,0,1
T1959,139265.0,141925.0,2660.0,2016-04-24 22:41:05,2016-04-24 23:25:25,0,1
T1960,137007.0,139265.0,2258.0,2016-04-24 22:03:27,2016-04-24 22:41:05,0,1
T1961,180142.0,182271.0,2129.0,2016-04-25 10:02:22,2016-04-25 10:37:51,0,1
T1962,174497.0,180142.0,5645.0,2016-04-25 08:28:17,2016-04-25 10:02:22,0,1
T1963,182271.0,183069.0,798.0,2016-04-25 10:37:51,2016-04-25 10:51:09,0,1
T1964,39232.0,41007.0,1775.0,2016-04-23 18:53:52,2016-04-23 19:23:27,0,1
T1965,41007.0,41699.0,692.0,2016-04-23 19:23:27,2016-04-23 19:34:59,0,1
T1966,280.0,2538.0,2258.0,2016-04-23 08:04:40,2016-04-23 08:42:18,0,1
T1968,19256.0,20679.0,1423.0,2016-04-23 13:20:56,2016-04-23 13:44:39,0,1
T1969,20679.0,20732.0,53.0,2016-04-23 13:44:39,2016-04-23 13:45:32,0,1
T1970,20732.0,21663.0,931.0,2016-04-23 13:45:32,2016-04-23 14:01:03,0,1
T1971,60939.0,60992.0,53.0,2016-04-24 00:55:39,2016-04-24 00:56:32,0,1
T1972,245881.0,246107.0,226.0,2016-04-26 04:18:01,2016-04-26 04:21:47,0,1
T1973,236736.0,245881.0,9145.0,2016-04-26 01:45:36,2016-04-26 04:18:01,0,1
T1974,80451.0,80477.0,26.0,2016-04-24 06:20:51,2016-04-24 06:21:17,0,1
T1975,80477.0,80743.0,266.0,2016-04-24 06:21:17,2016-04-24 06:25:43,0,1
T1976,79867.0,80451.0,584.0,2016-04-24 06:11:07,2016-04-24 06:20:51,0,1
T1977,9606.0,12808.0,3202.0,2016-04-23 10:40:06,2016-04-23 11:33:28,0,1
T1978,144839.0,146089.0,1250.0,2016-04-25 00:13:59,2016-04-25 00:34:49,0,1
T1979,118915.0,119979.0,1064.0,2016-04-24 17:01:55,2016-04-24 17:19:39,0,1
T1980,117771.0,118915.0,1144.0,2016-04-24 16:42:51,2016-04-24 17:01:55,0,1
T1981,103319.0,117771.0,14452.0,2016-04-24 12:41:59,2016-04-24 16:42:51,0,1
T1982,261577.0,262706.0,1129.0,2016-04-26 08:39:37,2016-04-26 08:58:26,0,1
T1983,157007.0,158337.0,1330.0,2016-04-25 03:36:47,2016-04-25 03:58:57,0,1
T1984,84600.0,87987.0,3387.0,2016-04-24 07:30:00,2016-04-24 08:26:27,0,1
T1985,87987.0,94287.0,6300.0,2016-04-24 08:26:27,2016-04-24 10:11:27,0,1
T1986,250623.0,251989.0,1366.0,2016-04-26 05:37:03,2016-04-26 05:59:49,0,1
T1987,253319.0,253585.0,266.0,2016-04-26 06:21:59,2016-04-26 06:26:25,0,1
T1988,251989.0,253319.0,1330.0,2016-04-26 05:59:49,2016-04-26 06:21:59,0,1
T1989,389394.0,389793.0,399.0,2016-04-27 20:09:54,2016-04-27 20:16:33,0,1
T1990,382144.0,386999.0,4855.0,2016-04-27 18:09:04,2016-04-27 19:29:59,0,1
T1991,386999.0,389394.0,2395.0,2016-04-27 19:29:59,2016-04-27 20:09:54,0,1
T1992,245881.0,250623.0,4742.0,2016-04-26 04:18:01,2016-04-26 05:37:03,0,1
T1993,312952.0,312975.0,23.0,2016-04-26 22:55:52,2016-04-26 22:56:15,0,1
T1994,261161.0,263157.0,1996.0,2016-04-26 08:32:41,2016-04-26 09:05:57,0,1
T1995,259432.0,261161.0,1729.0,2016-04-26 08:03:52,2016-04-26 08:32:41,0,1
T1996,257400.0,259432.0,2032.0,2016-04-26 07:30:00,2016-04-26 08:03:52,0,1
T1997,1281.0,14409.0,13128.0,2016-04-23 08:21:21,2016-04-23 12:00:09,0,1
T1999,16998.0,18127.0,1129.0,2016-04-23 12:43:18,2016-04-23 13:02:07,0,1
T2000,15869.0,16998.0,1129.0,2016-04-23 12:24:29,2016-04-23 12:43:18,0,1
T2001,134593.0,137007.0,2414.0,2016-04-24 21:23:13,2016-04-24 22:03:27,0,1
T2002,424135.0,426377.0,2242.0,2016-04-28 05:48:55,2016-04-28 06:26:17,0,1
T2003,1363.0,2943.0,1580.0,2016-04-23 08:22:43,2016-04-23 08:49:03,0,1
T2004,565.0,1363.0,798.0,2016-04-23 08:09:25,2016-04-23 08:22:43,0,1
T2005,55811.0,60397.0,4586.0,2016-04-23 23:30:11,2016-04-24 00:46:37,0,1
T2006,33745.0,35379.0,1634.0,2016-04-23 17:22:25,2016-04-23 17:49:39,0,1
T2007,103951.0,106209.0,2258.0,2016-04-24 12:52:31,2016-04-24 13:30:09,0,1
T2008,171000.0,174842.0,3842.0,2016-04-25 07:30:00,2016-04-25 08:34:02,0,1
T2009,75888.0,79347.0,3459.0,2016-04-24 05:04:48,2016-04-24 06:02:27,0,1
T2010,66065.0,75888.0,9823.0,2016-04-24 02:21:05,2016-04-24 05:04:48,0,1
T2011,10604.0,12411.0,1807.0,2016-04-23 10:56:44,2016-04-23 11:26:51,0,1
T2012,43346.0,44584.0,1238.0,2016-04-23 20:02:26,2016-04-23 20:23:04,0,1
T2013,44584.0,48530.0,3946.0,2016-04-23 20:23:04,2016-04-23 21:28:50,0,1
T2014,174842.0,179645.0,4803.0,2016-04-25 08:34:02,2016-04-25 09:54:05,0,1
T2015,402668.0,407375.0,4707.0,2016-04-27 23:51:08,2016-04-28 01:09:35,0,1
T2016,398202.0,402668.0,4466.0,2016-04-27 22:36:42,2016-04-27 23:51:08,0,1
T2017,1064.0,2128.0,1064.0,2016-04-23 08:17:44,2016-04-23 08:35:28,0,1
T2018,131493.0,133300.0,1807.0,2016-04-24 20:31:33,2016-04-24 21:01:40,0,1
T2019,72108.0,73438.0,1330.0,2016-04-24 04:01:48,2016-04-24 04:23:58,0,1
T2020,214600.0,214611.0,11.0,2016-04-25 19:36:40,2016-04-25 19:36:51,0,1
T2021,354549.0,364711.0,10162.0,2016-04-27 10:29:09,2016-04-27 13:18:31,0,1
T2022,345517.0,354549.0,9032.0,2016-04-27 07:58:37,2016-04-27 10:29:09,0,1
T2023,261577.0,262706.0,1129.0,2016-04-26 08:39:37,2016-04-26 08:58:26,0,1
T2024,210271.0,212078.0,1807.0,2016-04-25 18:24:31,2016-04-25 18:54:38,0,1
T2025,30098.0,44827.0,14729.0,2016-04-23 16:21:38,2016-04-23 20:27:07,0,1
T2026,309662.0,310992.0,1330.0,2016-04-26 22:01:02,2016-04-26 22:23:12,0,1
T2027,310992.0,311258.0,266.0,2016-04-26 22:23:12,2016-04-26 22:27:38,0,1
T2028,308332.0,309662.0,1330.0,2016-04-26 21:38:52,2016-04-26 22:01:02,0,1
T2029,85620.0,87427.0,1807.0,2016-04-24 07:47:00,2016-04-24 08:17:07,0,1
T2030,87427.0,87693.0,266.0,2016-04-24 08:17:07,2016-04-24 08:21:33,0,1
T2031,145758.0,149600.0,3842.0,2016-04-25 00:29:18,2016-04-25 01:33:20,0,1
T2032,87427.0,88624.0,1197.0,2016-04-24 08:17:07,2016-04-24 08:37:04,0,1
T2033,88624.0,88635.0,11.0,2016-04-24 08:37:04,2016-04-24 08:37:15,0,1
T2034,282056.0,301268.0,19212.0,2016-04-26 14:20:56,2016-04-26 19:41:08,0,1
T2035,17018.0,18880.0,1862.0,2016-04-23 12:43:38,2016-04-23 13:14:40,0,1
T2036,15619.0,17018.0,1399.0,2016-04-23 12:20:19,2016-04-23 12:43:38,0,1
T2037,8393.0,15619.0,7226.0,2016-04-23 10:19:53,2016-04-23 12:20:19,0,1
T2038,0.0,903.0,903.0,2016-04-23 08:00:00,2016-04-23 08:15:03,0,1
T2039,84600.0,85474.0,874.0,2016-04-24 07:30:00,2016-04-24 07:44:34,0,1
T2040,85474.0,87427.0,1953.0,2016-04-24 07:44:34,2016-04-24 08:17:07,0,1
T2041,39148.0,40292.0,1144.0,2016-04-23 18:52:28,2016-04-23 19:11:32,0,1
T2042,40292.0,41356.0,1064.0,2016-04-23 19:11:32,2016-04-23 19:29:16,0,1
T2043,24696.0,39148.0,14452.0,2016-04-23 14:51:36,2016-04-23 18:52:28,0,1
T2044,0.0,1064.0,1064.0,2016-04-23 08:00:00,2016-04-23 08:17:44,0,1
T2045,134871.0,136792.0,1921.0,2016-04-24 21:27:51,2016-04-24 21:59:52,0,1
T2046,134231.0,134871.0,640.0,2016-04-24 21:17:11,2016-04-24 21:27:51,0,1
T2047,136792.0,137432.0,640.0,2016-04-24 21:59:52,2016-04-24 22:10:32,0,1
T2048,134672.0,137758.0,3086.0,2016-04-24 21:24:32,2016-04-24 22:15:58,0,1
T2049,131227.0,134672.0,3445.0,2016-04-24 20:27:07,2016-04-24 21:24:32,0,1
T2050,107552.0,109947.0,2395.0,2016-04-24 13:52:32,2016-04-24 14:32:27,0,1
T2051,152803.0,155364.0,2561.0,2016-04-25 02:26:43,2016-04-25 03:09:24,0,1
T2052,201419.0,202700.0,1281.0,2016-04-25 15:56:59,2016-04-25 16:18:20,0,1
T2053,198227.0,202734.0,4507.0,2016-04-25 15:03:47,2016-04-25 16:18:54,0,1
T2054,274040.0,274042.0,2.0,2016-04-26 12:07:20,2016-04-26 12:07:22,0,1
T2055,60791.0,63049.0,2258.0,2016-04-24 00:53:11,2016-04-24 01:30:49,0,1
T2056,76113.0,76645.0,532.0,2016-04-24 05:08:33,2016-04-24 05:17:25,0,1
T2057,76645.0,77044.0,399.0,2016-04-24 05:17:25,2016-04-24 05:24:04,0,1
T2058,,,,,,1,0
T2059,147847.0,149654.0,1807.0,2016-04-25 01:04:07,2016-04-25 01:34:14,0,1
T2060,,,,,,1,0
T2061,,,,,,1,0
T2062,214600.0,214826.0,226.0,2016-04-25 19:36:40,2016-04-25 19:40:26,0,1
T2063,298560.0,299751.0,1191.0,2016-04-26 18:56:00,2016-04-26 19:15:51,0,1
T2064,237613.0,237636.0,23.0,2016-04-26 02:00:13,2016-04-26 02:00:36,0,1
T2066,203071.0,210271.0,7200.0,2016-04-25 16:24:31,2016-04-25 18:24:31,0,1
T2067,130243.0,131493.0,1250.0,2016-04-24 20:10:43,2016-04-24 20:31:33,0,1
T2068,7902.0,11289.0,3387.0,2016-04-23 10:11:42,2016-04-23 11:08:09,0,1
T2069,123243.0,130243.0,7000.0,2016-04-24 18:14:03,2016-04-24 20:10:43,0,1
T2070,454118.0,467757.0,13639.0,2016-04-28 14:08:38,2016-04-28 17:55:57,0,1
T2071,467757.0,471482.0,3725.0,2016-04-28 17:55:57,2016-04-28 18:58:02,0,1
T2072,91757.0,103951.0,12194.0,2016-04-24 09:29:17,2016-04-24 12:52:31,0,1
T2074,9502.0,18502.0,9000.0,2016-04-23 10:38:22,2016-04-23 13:08:22,0,1
T2075,5902.0,9502.0,3600.0,2016-04-23 09:38:22,2016-04-23 10:38:22,0,1
T2076,218167.0,218190.0,23.0,2016-04-25 20:36:07,2016-04-25 20:36:30,0,1
T2077,211957.0,218167.0,6210.0,2016-04-25 18:52:37,2016-04-25 20:36:07,0,1
T2079,54516.0,60726.0,6210.0,2016-04-23 23:08:36,2016-04-24 00:52:06,0,1
T2080,60726.0,60749.0,23.0,2016-04-24 00:52:06,2016-04-24 00:52:29,0,1
T2081,7669.0,9024.0,1355.0,2016-04-23 10:07:49,2016-04-23 10:30:24,0,1
T2083,4404.0,6301.0,1897.0,2016-04-23 09:13:24,2016-04-23 09:45:01,0,1
T2084,5006.0,7264.0,2258.0,2016-04-23 09:23:26,2016-04-23 10:01:04,0,1
T2085,3877.0,5006.0,1129.0,2016-04-23 09:04:37,2016-04-23 09:23:26,0,1
T2086,7264.0,8393.0,1129.0,2016-04-23 10:01:04,2016-04-23 10:19:53,0,1
T2087,37524.0,39556.0,2032.0,2016-04-23 18:25:24,2016-04-23 18:59:16,0,1
T2088,179645.0,185088.0,5443.0,2016-04-25 09:54:05,2016-04-25 11:24:48,0,1
T2089,426377.0,438544.0,12167.0,2016-04-28 06:26:17,2016-04-28 09:49:04,0,1
T2090,108526.0,109881.0,1355.0,2016-04-24 14:08:46,2016-04-24 14:31:21,0,1
T2091,285752.0,293757.0,8005.0,2016-04-26 15:22:32,2016-04-26 17:35:57,0,1
T2092,261577.0,273744.0,12167.0,2016-04-26 08:39:37,2016-04-26 12:02:24,0,1
T2093,273744.0,285752.0,12008.0,2016-04-26 12:02:24,2016-04-26 15:22:32,0,1
T2094,293757.0,298560.0,4803.0,2016-04-26 17:35:57,2016-04-26 18:56:00,0,1
T2095,94287.0,103319.0,9032.0,2016-04-24 10:11:27,2016-04-24 12:41:59,0,1
T2096,1975.0,3872.0,1897.0,2016-04-23 08:32:55,2016-04-23 09:04:32,0,1
T2097,72582.0,74179.0,1597.0,2016-04-24 04:09:42,2016-04-24 04:36:19,0,1
T2098,61517.0,72582.0,11065.0,2016-04-24 01:05:17,2016-04-24 04:09:42,0,1
T2099,74179.0,75110.0,931.0,2016-04-24 04:36:19,2016-04-24 04:51:50,0,1
T2100,76034.0,80098.0,4064.0,2016-04-24 05:07:14,2016-04-24 06:14:58,0,1
T2101,193446.0,201931.0,8485.0,2016-04-25 13:44:06,2016-04-25 16:05:31,0,1
T2102,171992.0,180958.0,8966.0,2016-04-25 07:46:32,2016-04-25 10:15:58,0,1
T2103,180958.0,193446.0,12488.0,2016-04-25 10:15:58,2016-04-25 13:44:06,0,1
T2104,237380.0,246986.0,9606.0,2016-04-26 01:56:20,2016-04-26 04:36:26,0,1
T2105,1975.0,4797.0,2822.0,2016-04-23 08:32:55,2016-04-23 09:19:57,0,1
T2106,226.0,1975.0,1749.0,2016-04-23 08:03:46,2016-04-23 08:32:55,0,1
T2108,72933.0,72956.0,23.0,2016-04-24 04:15:33,2016-04-24 04:15:56,0,1
T2109,66723.0,72933.0,6210.0,2016-04-24 02:32:03,2016-04-24 04:15:33,0,1
T2110,149242.0,149561.0,319.0,2016-04-25 01:27:22,2016-04-25 01:32:41,0,1
T2111,148308.0,149242.0,934.0,2016-04-25 01:11:48,2016-04-25 01:27:22,0,1
T2112,372560.0,373125.0,565.0,2016-04-27 15:29:20,2016-04-27 15:38:45,0,1
T2113,200446.0,202370.0,1924.0,2016-04-25 15:40:46,2016-04-25 16:12:50,0,1
T2114,193446.0,200446.0,7000.0,2016-04-25 13:44:06,2016-04-25 15:40:46,0,1
T2115,202370.0,203168.0,798.0,2016-04-25 16:12:50,2016-04-25 16:26:08,0,1
T2116,29075.0,33745.0,4670.0,2016-04-23 16:04:35,2016-04-23 17:22:25,0,1
T2117,371995.0,372108.0,113.0,2016-04-27 15:19:55,2016-04-27 15:21:48,0,1
T2118,32136.0,32934.0,798.0,2016-04-23 16:55:36,2016-04-23 17:08:54,0,1
T2119,28072.0,32136.0,4064.0,2016-04-23 15:47:52,2016-04-23 16:55:36,0,1
T2120,60939.0,62633.0,1694.0,2016-04-24 00:55:39,2016-04-24 01:23:53,0,1
T2121,245317.0,245319.0,2.0,2016-04-26 04:08:37,2016-04-26 04:08:39,0,1
T2122,139995.0,146399.0,6404.0,2016-04-24 22:53:15,2016-04-25 00:39:59,0,1
T2123,87427.0,88330.0,903.0,2016-04-24 08:17:07,2016-04-24 08:32:10,0,1
T2124,231742.0,231744.0,2.0,2016-04-26 00:22:22,2016-04-26 00:22:24,0,1
T2125,348316.0,353849.0,5533.0,2016-04-27 08:45:16,2016-04-27 10:17:29,0,1
T2126,26203.0,60791.0,34588.0,2016-04-23 15:16:43,2016-04-24 00:53:11,0,1
T2127,,,,,,1,0
T2128,,,,,,1,0
T2129,,,,,,1,0
T2130,158567.0,162409.0,3842.0,2016-04-25 04:02:47,2016-04-25 05:06:49,0,1
T2131,162409.0,164651.0,2242.0,2016-04-25 05:06:49,2016-04-25 05:44:11,0,1
T2132,158951.0,161800.0,2849.0,2016-04-25 04:09:11,2016-04-25 04:56:40,0,1
T2133,120050.0,123243.0,3193.0,2016-04-24 17:20:50,2016-04-24 18:14:03,0,1
T2134,98138.0,103106.0,4968.0,2016-04-24 11:15:38,2016-04-24 12:38:26,0,1
T2135,6987.0,7785.0,798.0,2016-04-23 09:56:27,2016-04-23 10:09:45,0,1
T2136,4639.0,6987.0,2348.0,2016-04-23 09:17:19,2016-04-23 09:56:27,0,1
T2137,120029.0,123190.0,3161.0,2016-04-24 17:20:29,2016-04-24 18:13:10,0,1
T2138,2704.0,4284.0,1580.0,2016-04-23 08:45:04,2016-04-23 09:11:24,0,1
T2139,160595.0,161925.0,1330.0,2016-04-25 04:36:35,2016-04-25 04:58:45,0,1
T2140,146399.0,148000.0,1601.0,2016-04-25 00:39:59,2016-04-25 01:06:40,0,1
T2141,439079.0,441676.0,2597.0,2016-04-28 09:57:59,2016-04-28 10:41:16,0,1
T2142,445667.0,449791.0,4124.0,2016-04-28 11:47:47,2016-04-28 12:56:31,0,1
T2143,441676.0,445667.0,3991.0,2016-04-28 10:41:16,2016-04-28 11:47:47,0,1
T2144,449791.0,453117.0,3326.0,2016-04-28 12:56:31,2016-04-28 13:51:57,0,1
T2146,13332.0,26203.0,12871.0,2016-04-23 11:42:12,2016-04-23 15:16:43,0,1
T2147,226715.0,236641.0,9926.0,2016-04-25 22:58:35,2016-04-26 01:44:01,0,1
T2148,17149.0,28440.0,11291.0,2016-04-23 12:45:49,2016-04-23 15:54:00,0,1
T2149,252889.0,253022.0,133.0,2016-04-26 06:14:49,2016-04-26 06:17:02,0,1
T2150,252091.0,252889.0,798.0,2016-04-26 06:01:31,2016-04-26 06:14:49,0,1
T2151,48456.0,49585.0,1129.0,2016-04-23 21:27:36,2016-04-23 21:46:25,0,1
T2152,200249.0,206103.0,5854.0,2016-04-25 15:37:29,2016-04-25 17:15:03,0,1
T2153,217997.0,224769.0,6772.0,2016-04-25 20:33:17,2016-04-25 22:26:09,0,1
T2154,214611.0,217997.0,3386.0,2016-04-25 19:36:51,2016-04-25 20:33:17,0,1
T2155,371995.0,372560.0,565.0,2016-04-27 15:19:55,2016-04-27 15:29:20,0,1
T2156,227027.0,227050.0,23.0,2016-04-25 23:03:47,2016-04-25 23:04:10,0,1
T2157,32136.0,36652.0,4516.0,2016-04-23 16:55:36,2016-04-23 18:10:52,0,1
T2158,50652.0,51329.0,677.0,2016-04-23 22:04:12,2016-04-23 22:15:29,0,1
T2159,224965.0,224967.0,2.0,2016-04-25 22:29:25,2016-04-25 22:29:27,0,1
T2161,24472.0,28072.0,3600.0,2016-04-23 14:47:52,2016-04-23 15:47:52,0,1
T2162,176645.0,179494.0,2849.0,2016-04-25 09:04:05,2016-04-25 09:51:34,0,1
T2163,15071.0,15869.0,798.0,2016-04-23 12:11:11,2016-04-23 12:24:29,0,1
T2164,19181.0,23547.0,4366.0,2016-04-23 13:19:41,2016-04-23 14:32:27,0,1
T2165,23547.0,26207.0,2660.0,2016-04-23 14:32:27,2016-04-23 15:16:47,0,1
T2166,137839.0,144839.0,7000.0,2016-04-24 22:17:19,2016-04-25 00:13:59,0,1
T2167,12808.0,20172.0,7364.0,2016-04-23 11:33:28,2016-04-23 13:36:12,0,1
T2168,10186.0,12534.0,2348.0,2016-04-23 10:49:46,2016-04-23 11:28:54,0,1
T2169,12534.0,13332.0,798.0,2016-04-23 11:28:54,2016-04-23 11:42:12,0,1
T2170,293328.0,296255.0,2927.0,2016-04-26 17:28:48,2016-04-26 18:17:35,0,1
T2171,85259.0,111599.0,26340.0,2016-04-24 07:40:59,2016-04-24 14:59:59,0,1
T2172,127593.0,134593.0,7000.0,2016-04-24 19:26:33,2016-04-24 21:23:13,0,1
T2173,136517.0,137315.0,798.0,2016-04-24 21:55:17,2016-04-24 22:08:35,0,1
T2174,134593.0,136517.0,1924.0,2016-04-24 21:23:13,2016-04-24 21:55:17,0,1
T2176,35717.0,36282.0,565.0,2016-04-23 17:55:17,2016-04-23 18:04:42,0,1
T2177,188611.0,195015.0,6404.0,2016-04-25 12:23:31,2016-04-25 14:10:15,0,1
T2178,117897.0,120607.0,2710.0,2016-04-24 16:44:57,2016-04-24 17:30:07,0,1
T2179,318033.0,318056.0,23.0,2016-04-27 00:20:33,2016-04-27 00:20:56,0,1
T2180,120029.0,122689.0,2660.0,2016-04-24 17:20:29,2016-04-24 18:04:49,0,1
T2181,117771.0,120029.0,2258.0,2016-04-24 16:42:51,2016-04-24 17:20:29,0,1
T2182,122689.0,123620.0,931.0,2016-04-24 18:04:49,2016-04-24 18:20:20,0,1
T2183,45071.0,50062.0,4991.0,2016-04-23 20:31:11,2016-04-23 21:54:22,0,1
T2184,50062.0,52580.0,2518.0,2016-04-23 21:54:22,2016-04-23 22:36:20,0,1
T2185,202734.0,212331.0,9597.0,2016-04-25 16:18:54,2016-04-25 18:58:51,0,1
T2186,212331.0,212342.0,11.0,2016-04-25 18:58:51,2016-04-25 18:59:02,0,1
T2187,137113.0,139995.0,2882.0,2016-04-24 22:05:13,2016-04-24 22:53:15,0,1
T2188,0.0,677.0,677.0,2016-04-23 08:00:00,2016-04-23 08:11:17,0,1
T2189,129082.0,131227.0,2145.0,2016-04-24 19:51:22,2016-04-24 20:27:07,0,1
T2190,132291.0,132956.0,665.0,2016-04-24 20:44:51,2016-04-24 20:55:56,0,1
T2191,131227.0,132291.0,1064.0,2016-04-24 20:27:07,2016-04-24 20:44:51,0,1
T2192,43405.0,46065.0,2660.0,2016-04-23 20:03:25,2016-04-23 20:47:45,0,1
T2193,46065.0,47666.0,1601.0,2016-04-23 20:47:45,2016-04-23 21:14:26,0,1
T2194,37818.0,39148.0,1330.0,2016-04-23 18:30:18,2016-04-23 18:52:28,0,1
T2195,39148.0,39946.0,798.0,2016-04-23 18:52:28,2016-04-23 19:05:46,0,1
T2196,39946.0,43405.0,3459.0,2016-04-23 19:05:46,2016-04-23 20:03:25,0,1
T2197,80743.0,85259.0,4516.0,2016-04-24 06:25:43,2016-04-24 07:40:59,0,1
T2198,85259.0,85282.0,23.0,2016-04-24 07:40:59,2016-04-24 07:41:22,0,1
T2199,7364.0,9606.0,2242.0,2016-04-23 10:02:44,2016-04-23 10:40:06,0,1
T2200,74691.0,76034.0,1343.0,2016-04-24 04:44:51,2016-04-24 05:07:14,0,1
T2201,73817.0,74691.0,874.0,2016-04-24 04:30:17,2016-04-24 04:44:51,0,1
T2202,106222.0,107552.0,1330.0,2016-04-24 13:30:22,2016-04-24 13:52:32,0,1
T2203,154283.0,156385.0,2102.0,2016-04-25 02:51:23,2016-04-25 03:26:25,0,1
T2204,131493.0,132622.0,1129.0,2016-04-24 20:31:33,2016-04-24 20:50:22,0,1
T2205,6314.0,7669.0,1355.0,2016-04-23 09:45:14,2016-04-23 10:07:49,0,1
T2207,4322.0,12451.0,8129.0,2016-04-23 09:12:02,2016-04-23 11:27:31,0,1
T2208,176443.0,182207.0,5764.0,2016-04-25 09:00:43,2016-04-25 10:36:47,0,1
T2209,239523.0,247528.0,8005.0,2016-04-26 02:32:03,2016-04-26 04:45:28,0,1
T2210,5600.0,13116.0,7516.0,2016-04-23 09:33:20,2016-04-23 11:38:36,0,1
T2212,5443.0,7364.0,1921.0,2016-04-23 09:30:43,2016-04-23 10:02:44,0,1
T2213,43675.0,46602.0,2927.0,2016-04-23 20:07:55,2016-04-23 20:56:42,0,1
T2214,41417.0,43675.0,2258.0,2016-04-23 19:30:17,2016-04-23 20:07:55,0,1
T2215,245319.0,261283.0,15964.0,2016-04-26 04:08:39,2016-04-26 08:34:43,0,1
T2216,203060.0,203071.0,11.0,2016-04-25 16:24:20,2016-04-25 16:24:31,0,1
T2217,201931.0,203060.0,1129.0,2016-04-25 16:05:31,2016-04-25 16:24:20,0,1
T2218,105158.0,106222.0,1064.0,2016-04-24 13:12:38,2016-04-24 13:30:22,0,1
T2219,195015.0,201419.0,6404.0,2016-04-25 14:10:15,2016-04-25 15:56:59,0,1
T2220,206103.0,211957.0,5854.0,2016-04-25 17:15:03,2016-04-25 18:52:37,0,1
T2221,180958.0,183060.0,2102.0,2016-04-25 10:15:58,2016-04-25 10:51:00,0,1
T2222,71708.0,73817.0,2109.0,2016-04-24 03:55:08,2016-04-24 04:30:17,0,1
T2223,73817.0,74871.0,1054.0,2016-04-24 04:30:17,2016-04-24 04:47:51,0,1
T2224,70654.0,71708.0,1054.0,2016-04-24 03:37:34,2016-04-24 03:55:08,0,1
T2225,88635.0,89877.0,1242.0,2016-04-24 08:37:15,2016-04-24 08:57:57,0,1
T2226,377684.0,382144.0,4460.0,2016-04-27 16:54:44,2016-04-27 18:09:04,0,1
T2227,139033.0,140314.0,1281.0,2016-04-24 22:37:13,2016-04-24 22:58:34,0,1
T2228,299762.0,300112.0,350.0,2016-04-26 19:16:02,2016-04-26 19:21:52,0,1
T2229,298560.0,299751.0,1191.0,2016-04-26 18:56:00,2016-04-26 19:15:51,0,1
T2230,299751.0,299762.0,11.0,2016-04-26 19:15:51,2016-04-26 19:16:02,0,1
T2231,300112.0,300123.0,11.0,2016-04-26 19:21:52,2016-04-26 19:22:03,0,1
T2232,105156.0,105158.0,2.0,2016-04-24 13:12:36,2016-04-24 13:12:38,0,1
T2233,98381.0,105156.0,6775.0,2016-04-24 11:19:41,2016-04-24 13:12:36,0,1
T2234,345494.0,345517.0,23.0,2016-04-27 07:58:14,2016-04-27 07:58:37,0,1
T2235,53449.0,54617.0,1168.0,2016-04-23 22:50:49,2016-04-23 23:10:17,0,1
T2236,54617.0,54643.0,26.0,2016-04-23 23:10:17,2016-04-23 23:10:43,0,1
T2237,54643.0,54909.0,266.0,2016-04-23 23:10:43,2016-04-23 23:15:09,0,1
T2238,103445.0,103784.0,339.0,2016-04-24 12:44:05,2016-04-24 12:49:44,0,1
T2239,103106.0,103445.0,339.0,2016-04-24 12:38:26,2016-04-24 12:44:05,0,1
T2240,52580.0,54868.0,2288.0,2016-04-23 22:36:20,2016-04-23 23:14:28,0,1
T2241,54868.0,55134.0,266.0,2016-04-23 23:14:28,2016-04-23 23:18:54,0,1
T2242,41406.0,41417.0,11.0,2016-04-23 19:30:06,2016-04-23 19:30:17,0,1
T2243,14409.0,19532.0,5123.0,2016-04-23 12:00:09,2016-04-23 13:25:32,0,1
T2244,3238.0,4096.0,858.0,2016-04-23 08:53:58,2016-04-23 09:08:16,0,1
T2245,155045.0,158567.0,3522.0,2016-04-25 03:04:05,2016-04-25 04:02:47,0,1
T2247,79166.0,79189.0,23.0,2016-04-24 05:59:26,2016-04-24 05:59:49,0,1
T2248,72956.0,79166.0,6210.0,2016-04-24 04:15:56,2016-04-24 05:59:26,0,1
T2249,247247.0,248577.0,1330.0,2016-04-26 04:40:47,2016-04-26 05:02:57,0,1
T2250,248577.0,248843.0,266.0,2016-04-26 05:02:57,2016-04-26 05:07:23,0,1
T2251,245881.0,247247.0,1366.0,2016-04-26 04:18:01,2016-04-26 04:40:47,0,1
T2252,147847.0,150365.0,2518.0,2016-04-25 01:04:07,2016-04-25 01:46:05,0,1
T2253,142856.0,147847.0,4991.0,2016-04-24 23:40:56,2016-04-25 01:04:07,0,1
T2254,155364.0,160167.0,4803.0,2016-04-25 03:09:24,2016-04-25 04:29:27,0,1
T2255,35717.0,38201.0,2484.0,2016-04-23 17:55:17,2016-04-23 18:36:41,0,1
T2256,311258.0,313290.0,2032.0,2016-04-26 22:27:38,2016-04-26 23:01:30,0,1
T2257,274042.0,276300.0,2258.0,2016-04-26 12:07:22,2016-04-26 12:45:00,0,1
T2258,43675.0,55191.0,11516.0,2016-04-23 20:07:55,2016-04-23 23:19:51,0,1
T2259,12326.0,48456.0,36130.0,2016-04-23 11:25:26,2016-04-23 21:27:36,0,1
T2260,48456.0,49786.0,1330.0,2016-04-23 21:27:36,2016-04-23 21:49:46,0,1
T2261,8601.0,12326.0,3725.0,2016-04-23 10:23:21,2016-04-23 11:25:26,0,1
T2262,3872.0,4404.0,532.0,2016-04-23 09:04:32,2016-04-23 09:13:24,0,1
T2263,4404.0,8601.0,4197.0,2016-04-23 09:13:24,2016-04-23 10:23:21,0,1
T2264,108537.0,114182.0,5645.0,2016-04-24 14:08:57,2016-04-24 15:43:02,0,1
T2265,24797.0,34138.0,9341.0,2016-04-23 14:53:17,2016-04-23 17:28:58,0,1
T2267,0.0,565.0,565.0,2016-04-23 08:00:00,2016-04-23 08:09:25,0,1
T2268,276566.0,290115.0,13549.0,2016-04-26 12:49:26,2016-04-26 16:35:15,0,1
T2269,305335.0,328881.0,23546.0,2016-04-26 20:48:55,2016-04-27 03:21:21,0,1
T2270,70654.0,70920.0,266.0,2016-04-24 03:37:34,2016-04-24 03:42:00,0,1
T2271,68847.0,70654.0,1807.0,2016-04-24 03:07:27,2016-04-24 03:37:34,0,1
T2272,214611.0,215514.0,903.0,2016-04-25 19:36:51,2016-04-25 19:51:54,0,1
T2273,213708.0,214611.0,903.0,2016-04-25 19:21:48,2016-04-25 19:36:51,0,1
T2274,301268.0,307352.0,6084.0,2016-04-26 19:41:08,2016-04-26 21:22:32,0,1
T2275,161800.0,166307.0,4507.0,2016-04-25 04:56:40,2016-04-25 06:11:47,0,1
T2276,66042.0,66065.0,23.0,2016-04-24 02:20:42,2016-04-24 02:21:05,0,1
T2277,338433.0,338444.0,11.0,2016-04-27 06:00:33,2016-04-27 06:00:44,0,1
T2278,335656.0,338433.0,2777.0,2016-04-27 05:14:16,2016-04-27 06:00:33,0,1
T2279,22212.0,22214.0,2.0,2016-04-23 14:10:12,2016-04-23 14:10:14,0,1
T2280,11837.0,22212.0,6775.0,2016-04-23 11:17:17,2016-04-23 14:10:12,0,1
T2281,132956.0,134085.0,1129.0,2016-04-24 20:55:56,2016-04-24 21:14:45,0,1
T2282,420535.0,424135.0,3600.0,2016-04-28 04:48:55,2016-04-28 05:48:55,0,1
T2283,75292.0,77550.0,2258.0,2016-04-24 04:54:52,2016-04-24 05:32:30,0,1
T2284,77550.0,80477.0,2927.0,2016-04-24 05:32:30,2016-04-24 06:21:17,0,1
T2285,58695.0,61517.0,2822.0,2016-04-24 00:18:15,2016-04-24 01:05:17,0,1
T2286,61517.0,62581.0,1064.0,2016-04-24 01:05:17,2016-04-24 01:23:01,0,1
T2287,158337.0,160595.0,2258.0,2016-04-25 03:58:57,2016-04-25 04:36:35,0,1
T2288,227027.0,231430.0,4403.0,2016-04-25 23:03:47,2016-04-26 00:17:10,0,1
T2289,231430.0,232095.0,665.0,2016-04-26 00:17:10,2016-04-26 00:28:15,0,1
T2290,0.0,1281.0,1281.0,2016-04-23 08:00:00,2016-04-23 08:21:21,0,1
T2291,1281.0,3842.0,2561.0,2016-04-23 08:21:21,2016-04-23 09:04:02,0,1
T2292,237636.0,242957.0,5321.0,2016-04-26 02:00:36,2016-04-26 03:29:17,0,1
T2293,149921.0,152163.0,2242.0,2016-04-25 01:38:41,2016-04-25 02:16:03,0,1
T2294,311258.0,316701.0,5443.0,2016-04-26 22:27:38,2016-04-26 23:58:21,0,1
T2295,52006.0,54490.0,2484.0,2016-04-23 22:26:46,2016-04-23 23:08:10,0,1
T2296,54490.0,54516.0,26.0,2016-04-23 23:08:10,2016-04-23 23:08:36,0,1
T2297,36652.0,41168.0,4516.0,2016-04-23 18:10:52,2016-04-23 19:26:08,0,1
T2298,290933.0,293328.0,2395.0,2016-04-26 16:48:53,2016-04-26 17:28:48,0,1
T2299,261283.0,265008.0,3725.0,2016-04-26 08:34:43,2016-04-26 09:36:48,0,1
T2300,5185.0,6314.0,1129.0,2016-04-23 09:26:25,2016-04-23 09:45:14,0,1
T2301,300246.0,305035.0,4789.0,2016-04-26 19:24:06,2016-04-26 20:43:55,0,1
T2302,677.0,3012.0,2335.0,2016-04-23 08:11:17,2016-04-23 08:50:12,0,1
T2304,0.0,5600.0,5600.0,2016-04-23 08:00:00,2016-04-23 09:33:20,0,1
T2305,117897.0,127607.0,9710.0,2016-04-24 16:44:57,2016-04-24 19:26:47,0,1
T2306,257400.0,267967.0,10567.0,2016-04-26 07:30:00,2016-04-26 10:26:07,0,1
T2307,371984.0,371995.0,11.0,2016-04-27 15:19:44,2016-04-27 15:19:55,0,1
T2308,366339.0,371984.0,5645.0,2016-04-27 13:45:39,2016-04-27 15:19:44,0,1
T2309,35717.0,37975.0,2258.0,2016-04-23 17:55:17,2016-04-23 18:32:55,0,1
T2310,112365.0,115187.0,2822.0,2016-04-24 15:12:45,2016-04-24 15:59:47,0,1
T2311,115752.0,116284.0,532.0,2016-04-24 16:09:12,2016-04-24 16:18:04,0,1
T2312,115187.0,115752.0,565.0,2016-04-24 15:59:47,2016-04-24 16:09:12,0,1
T2313,4797.0,7055.0,2258.0,2016-04-23 09:19:57,2016-04-23 09:57:35,0,1
T2314,132622.0,137816.0,5194.0,2016-04-24 20:50:22,2016-04-24 22:16:56,0,1
T2315,137816.0,137839.0,23.0,2016-04-24 22:16:56,2016-04-24 22:17:19,0,1
T2316,4289.0,4639.0,350.0,2016-04-23 09:11:29,2016-04-23 09:17:19,0,1
T2317,2538.0,4289.0,1751.0,2016-04-23 08:42:18,2016-04-23 09:11:29,0,1
T2318,193446.0,194614.0,1168.0,2016-04-25 13:44:06,2016-04-25 14:03:34,0,1
T2319,192345.0,193446.0,1101.0,2016-04-25 13:25:45,2016-04-25 13:44:06,0,1
T2320,467757.0,470171.0,2414.0,2016-04-28 17:55:57,2016-04-28 18:36:11,0,1
T2321,257400.0,265405.0,8005.0,2016-04-26 07:30:00,2016-04-26 09:43:25,0,1
T350,60397.0,66042.0,5645.0,2016-04-24 00:46:37,2016-04-24 02:20:42,0,1
T367,60749.0,62443.0,1694.0,2016-04-24 00:52:29,2016-04-24 01:20:43,0,1
T443,39148.0,41406.0,2258.0,2016-04-23 18:52:28,2016-04-23 19:30:06,0,1
T449,265008.0,274040.0,9032.0,2016-04-26 09:36:48,2016-04-26 12:07:20,0,1
T460,22212.0,24696.0,2484.0,2016-04-23 14:10:12,2016-04-23 14:51:36,0,1
T462,109881.0,112365.0,2484.0,2016-04-24 14:31:21,2016-04-24 15:12:45,0,1
T481,224967.0,237613.0,12646.0,2016-04-25 22:29:27,2016-04-26 02:00:13,0,1
T483,224769.0,227027.0,2258.0,2016-04-25 22:26:09,2016-04-25 23:03:47,0,1
T485,212342.0,214600.0,2258.0,2016-04-25 18:59:02,2016-04-25 19:36:40,0,1
T513,224967.0,231742.0,6775.0,2016-04-25 22:29:27,2016-04-26 00:22:22,0,1
T515,238542.0,245317.0,6775.0,2016-04-26 02:15:42,2016-04-26 04:08:37,0,1
T517,218190.0,224965.0,6775.0,2016-04-25 20:36:30,2016-04-25 22:29:25,0,1
T533,0.0,0.0,0.0,2016-04-23 08:00:00,2016-04-23 08:00:00,0,1
T535,46878.0,48208.0,1330.0,2016-04-23 21:01:18,2016-04-23 21:23:28,0,1
T537,48530.0,51917.0,3387.0,2016-04-23 21:28:50,2016-04-23 22:25:17,0,1
T601,276300.0,288273.0,11973.0,2016-04-26 12:45:00,2016-04-26 16:04:33,0,1
T608,288273.0,289603.0,1330.0,2016-04-26 16:04:33,2016-04-26 16:26:43,0,1
T684,306470.0,308332.0,1862.0,2016-04-26 21:07:50,2016-04-26 21:38:52,0,1
T685,300123.0,306470.0,6347.0,2016-04-26 19:22:03,2016-04-26 21:07:50,0,1
T686,308332.0,313121.0,4789.0,2016-04-26 21:38:52,2016-04-26 22:58:41,0,1
T687,313121.0,313919.0,798.0,2016-04-26 22:58:41,2016-04-26 23:11:59,0,1
T778,311258.0,318033.0,6775.0,2016-04-26 22:27:38,2016-04-27 00:20:33,0,1
T781,343800.0,348316.0,4516.0,2016-04-27 07:30:00,2016-04-27 08:45:16,0,1
T790,311258.0,312952.0,1694.0,2016-04-26 22:27:38,2016-04-26 22:55:52,0,1
T792,343800.0,345494.0,1694.0,2016-04-27 07:30:00,2016-04-27 07:58:14,0,1
T797,6301.0,8450.0,2149.0,2016-04-23 09:45:01,2016-04-23 10:20:50,0,1
T799,1466.0,2704.0,1238.0,2016-04-23 08:24:26,2016-04-23 08:45:04,0,1
T801,5006.0,6454.0,1448.0,2016-04-23 09:23:26,2016-04-23 09:47:34,0,1
T803,24797.0,26946.0,2149.0,2016-04-23 14:53:17,2016-04-23 15:29:06,0,1
T805,11504.0,12742.0,1238.0,2016-04-23 11:11:44,2016-04-23 11:32:22,0,1
T807,6454.0,7902.0,1448.0,2016-04-23 09:47:34,2016-04-23 10:11:42,0,1
T809,23547.0,29026.0,5479.0,2016-04-23 14:32:27,2016-04-23 16:03:46,0,1
T811,29026.0,36522.0,7496.0,2016-04-23 16:03:46,2016-04-23 18:08:42,0,1
T813,6987.0,10186.0,3199.0,2016-04-23 09:56:27,2016-04-23 10:49:46,0,1
T815,0.0,280.0,280.0,2016-04-23 08:00:00,2016-04-23 08:04:40,0,1
T817,89877.0,92154.0,2277.0,2016-04-24 08:57:57,2016-04-24 09:35:54,0,1
T819,54868.0,60939.0,6071.0,2016-04-23 23:14:28,2016-04-24 00:55:39,0,1
T821,2943.0,3877.0,934.0,2016-04-23 08:49:03,2016-04-23 09:04:37,0,1
T823,532.0,1466.0,934.0,2016-04-23 08:08:52,2016-04-23 08:24:26,0,1
T849,421014.0,439079.0,18065.0,2016-04-28 04:56:54,2016-04-28 09:57:59,0,1
T864,74871.0,76113.0,1242.0,2016-04-24 04:47:51,2016-04-24 05:08:33,0,1
T866,63550.0,64792.0,1242.0,2016-04-24 01:39:10,2016-04-24 01:59:52,0,1
T875,262706.0,272585.0,9879.0,2016-04-26 08:58:26,2016-04-26 11:43:05,0,1
T884,247247.0,250408.0,3161.0,2016-04-26 04:40:47,2016-04-26 05:33:28,0,1
T917,0.0,1129.0,1129.0,2016-04-23 08:00:00,2016-04-23 08:18:49,0,1
T927,250623.0,252091.0,1468.0,2016-04-26 05:37:03,2016-04-26 06:01:31,0,1
T935,0.0,226.0,226.0,2016-04-23 08:00:00,2016-04-23 08:03:46,0,1
T944,76147.0,78405.0,2258.0,2016-04-24 05:09:07,2016-04-24 05:46:45,0,1
