Mod334,Project Aircraft 35,0,0,,,,,,2016/04/23 08:00:00,0.0,2016/04/23 08:00:00,,,
Mod336,Ventilation/AC 336,0,0,Mod335,Ventilation/AC,10,0,Mod334,2016/04/23 08:00:00,0.0,2016/04/23 08:00:00,,,
Mod343,Ventilation/AC 343,0,0,Mod335,Ventilation/AC,10,0,Mod334,2016/04/23 08:00:00,0.0,2016/04/23 08:00:00,,,
Mod374,Leading edge 374,0,0,Mod370,Leading edge,10,0,Mod334,2016/04/23 08:00:00,0.0,2016/04/23 08:00:00,,,
Mod378,Leading edge 378,0,0,Mod370,Leading edge,10,0,Mod334,2016/04/23 08:00:00,0.0,2016/04/23 08:00:00,,,
Mod382,Leading edge 382,0,0,Mod370,Leading edge,10,0,Mod334,2016/04/23 08:00:00,0.0,2016/04/23 08:00:00,,,
Mod385,Leading edge 385,0,0,Mod370,Leading edge,10,0,Mod334,2016/04/23 08:00:00,0.0,2016/04/23 08:00:00,,,
Mod388,Leading edge 388,0,0,Mod370,Leading edge,10,0,Mod334,2016/04/23 08:00:00,0.0,2016/04/23 08:00:00,,,
Mod426,Fuel 426,0,0,Mod406,Fuel,10,0,Mod334,2016/04/23 08:00:00,0.0,2016/04/23 08:00:00,,,
Mod452,Fuel 452,0,0,Mod451,Fuel 451,0,0,Mod406,2016/04/23 08:00:00,0.0,2016/04/23 08:00:00,,,
Mod469,Fuel 469,0,0,Mod406,Fuel,10,0,Mod334,2016/04/23 08:00:00,0.0,2016/04/23 08:00:00,,,
Mod473,Fuel 473,0,0,Mod406,Fuel,10,0,Mod334,2016/04/23 08:00:00,0.0,2016/04/23 08:00:00,,,
Mod522,Wings tests,10,0,Mod334,Project Aircraft 35,0,0,,2016/04/23 08:00:00,0.0,2016/04/23 08:00:00,,,
Mod532,Remove scaffold 532,0,0,Mod531,Remove scaffold,10,0,Mod334,2016/04/23 08:00:00,0.0,2016/04/23 08:00:00,,,
Mod669,Tests elec power,10,0,Mod334,Project Aircraft 35,0,0,,2016/04/23 08:00:00,0.0,2016/04/23 08:00:00,,,
Mod675,hydraulics 675,0,0,Mod674,hydraulics,10,0,Mod334,2016/04/23 08:00:00,0.0,2016/04/23 08:00:00,,,
Mod681,hydraulics 681,0,0,Mod674,hydraulics,10,0,Mod334,2016/04/23 08:00:00,0.0,2016/04/23 08:00:00,,,
Mod693,hydraulics 693,0,0,Mod674,hydraulics,10,0,Mod334,2016/04/23 08:00:00,0.0,2016/04/23 08:00:00,,,
Mod699,hydraulics 699,0,0,Mod674,hydraulics,10,0,Mod334,2016/04/23 08:00:00,0.0,2016/04/23 08:00:00,,,
Mod705,hydraulics 705,0,0,Mod674,hydraulics,10,0,Mod334,2016/04/23 08:00:00,0.0,2016/04/23 08:00:00,,,
Mod709,hydraulics 709,0,0,Mod674,hydraulics,10,0,Mod334,2016/04/23 08:00:00,0.0,2016/04/23 08:00:00,,,
Mod774,Floor cargo 774,0,0,Mod770,Floor cargo,10,0,Mod334,2016/04/23 08:00:00,0.0,2016/04/23 08:00:00,,,
Mod793,Fuselage,10,0,Mod334,Project Aircraft 35,0,0,,2016/04/23 08:00:00,0.0,2016/04/23 08:00:00,,,
Mod824,Prep elec,10,0,Mod334,Project Aircraft 35,0,0,,2016/04/23 08:00:00,0.0,2016/04/23 08:00:00,,,
Mod826,prep tests,10,0,Mod334,Project Aircraft 35,0,0,,2016/04/23 08:00:00,0.0,2016/04/23 08:00:00,,,
Mod834,Instruments,10,0,Mod334,Project Aircraft 35,0,0,,2016/04/23 08:00:00,0.0,2016/04/23 08:00:00,,,
Mod851,Underbelly 851,0,0,Mod846,Underbelly,10,0,Mod334,2016/04/23 08:00:00,0.0,2016/04/23 08:00:00,,,
Mod867,Underbelly 867,0,0,Mod846,Underbelly,10,0,Mod334,2016/04/23 08:00:00,0.0,2016/04/23 08:00:00,,,
Mod880,Underbelly 880,0,0,Mod846,Underbelly,10,0,Mod334,2016/04/23 08:00:00,0.0,2016/04/23 08:00:00,,,
Mod890,Underbelly 890,0,0,Mod846,Underbelly,10,0,Mod334,2016/04/23 08:00:00,0.0,2016/04/23 08:00:00,,,
Mod896,Underbelly 896,0,0,Mod846,Underbelly,10,0,Mod334,2016/04/23 08:00:00,0.0,2016/04/23 08:00:00,,,
Mod901,Underbelly 901,0,0,Mod846,Underbelly,10,0,Mod334,2016/04/23 08:00:00,0.0,2016/04/23 08:00:00,,,
Mod904,Underbelly 904,0,0,Mod846,Underbelly,10,0,Mod334,2016/04/23 08:00:00,0.0,2016/04/23 08:00:00,,,
Mod907,Underbelly 907,0,0,Mod846,Underbelly,10,0,Mod334,2016/04/23 08:00:00,0.0,2016/04/23 08:00:00,,,
Mod949,Wing tips 949,0,0,Mod948,Wing tips,10,0,Mod334,2016/04/23 08:00:00,0.0,2016/04/23 08:00:00,,,
Mod952,Wing tips 952,0,0,Mod948,Wing tips,10,0,Mod334,2016/04/23 08:00:00,0.0,2016/04/23 08:00:00,,,
Mod1715,Backlog,10,0,Mod334,Project Aircraft 35,0,0,,2016/04/23 08:00:00,0.0,2016/04/23 08:00:00,,,
Mod934,Underbelly 934,0,0,Mod846,Underbelly,10,0,Mod334,2016/04/23 08:00:00,226.0,2016/04/23 08:03:46,,,
Mod814,Prep fuel 814,0,0,Mod795,Prep fuel,10,0,Mod334,2016/04/23 08:00:00,280.0,2016/04/23 08:04:40,,,
Mod1716,Backlog 1716,0,0,Mod1715,Backlog,10,0,Mod334,2016/04/23 08:00:00,565.0,2016/04/23 08:09:25,,,
Mod2266,Backlog 2266,0,0,Mod1715,Backlog,10,0,Mod334,2016/04/23 08:00:00,565.0,2016/04/23 08:09:25,,,
Mod829,Protect fire 829,0,0,Mod828,Protect fire,10,0,Mod334,2016/04/23 08:00:00,677.0,2016/04/23 08:11:17,,,
Mod504,Fuel 504,0,0,Mod406,Fuel,10,0,Mod334,2016/04/23 08:00:00,903.0,2016/04/23 08:15:03,,,
Mod405,Black box 405,0,0,Mod402,Black box,10,0,Mod334,2016/04/23 08:00:00,1064.0,2016/04/23 08:17:44,,,
Mod916,Underbelly 916,0,0,Mod846,Underbelly,10,0,Mod334,2016/04/23 08:00:00,1129.0,2016/04/23 08:18:49,,,
Mod420,Fuel 420,0,0,Mod418,Fuel 418,0,0,Mod406,2016/04/23 08:00:00,3842.0,2016/04/23 09:04:02,,,
Mod2303,Backlog 2303,0,0,Mod1715,Backlog,10,0,Mod334,2016/04/23 08:00:00,5600.0,2016/04/23 09:33:20,,,
Mod395,Leading edge 395,0,0,Mod370,Leading edge,10,0,Mod334,2016/04/23 08:00:00,45914.0,2016/04/23 20:45:14,,,
Mod539,Remove mount 539,0,0,Mod538,Remove mount,10,0,Mod334,2016/04/23 08:03:46,4571.0,2016/04/23 09:19:57,,,
Mod553,Misc. 553,0,0,Mod550,Misc.,10,0,Mod334,2016/04/23 08:04:40,2258.0,2016/04/23 08:42:18,,Mod760,
Mod822,Prep fuel 822,0,0,Mod795,Prep fuel,10,0,Mod334,2016/04/23 08:08:52,934.0,2016/04/23 08:24:26,,,
Mod1787,Backlog 1787,0,0,Mod1715,Backlog,10,0,Mod334,2016/04/23 08:09:25,565.0,2016/04/23 08:18:50,,,
Mod694,hydraulics 694,0,0,Mod693,hydraulics 693,0,0,Mod674,2016/04/23 08:09:25,2378.0,2016/04/23 08:49:03,,,
Mod700,hydraulics 700,0,0,Mod699,hydraulics 699,0,0,Mod674,2016/04/23 08:11:17,2335.0,2016/04/23 08:50:12,,,
Mod691,hydraulics 691,0,0,Mod690,hydraulics 690,0,0,Mod674,2016/04/23 08:15:03,2335.0,2016/04/23 08:53:58,,,
Mod518,Fuel 518,0,0,Mod406,Fuel,10,0,Mod334,2016/04/23 08:17:44,1064.0,2016/04/23 08:35:28,,,
Mod854,Underbelly 854,0,0,Mod851,Underbelly 851,0,0,Mod846,2016/04/23 08:18:49,34588.0,2016/04/23 17:55:17,,Mod916,
Mod1914,Backlog 1914,0,0,Mod1715,Backlog,10,0,Mod334,2016/04/23 08:18:50,1341.0,2016/04/23 08:41:11,,,
Mod590,Elec cargo 590,0,0,Mod576,Elec cargo,10,0,Mod334,2016/04/23 08:18:50,2394.0,2016/04/23 08:58:44,,,
Mod525,Wings tests 525,0,0,Mod523,Wings tests 523,0,0,Mod522,2016/04/23 08:21:21,13128.0,2016/04/23 12:00:09,,Mod696,
Mod798,Prep fuel 798,0,0,Mod795,Prep fuel,10,0,Mod334,2016/04/23 08:24:26,1238.0,2016/04/23 08:45:04,,,
Mod453,Fuel 453,0,0,Mod451,Fuel 451,0,0,Mod406,2016/04/23 08:32:55,1897.0,2016/04/23 09:04:32,,,
Mod1731,Backlog 1731,0,0,Mod1715,Backlog,10,0,Mod334,2016/04/23 08:41:11,565.0,2016/04/23 08:50:36,,,
Mod497,Fuel 497,0,0,Mod406,Fuel,10,0,Mod334,2016/04/23 08:42:18,2101.0,2016/04/23 09:17:19,,,
Mod830,Protect fire 830,0,0,Mod828,Protect fire,10,0,Mod334,2016/04/23 08:45:04,1580.0,2016/04/23 09:11:24,,,
Mod820,Prep fuel 820,0,0,Mod795,Prep fuel,10,0,Mod334,2016/04/23 08:49:03,934.0,2016/04/23 09:04:37,,,
Mod404,Black box 404,0,0,Mod402,Black box,10,0,Mod334,2016/04/23 08:49:52,1064.0,2016/04/23 09:07:36,,,
Mod416,Fuel 416,0,0,Mod415,Fuel 415,0,0,Mod406,2016/04/23 08:53:58,858.0,2016/04/23 09:08:16,,,
Mod695,hydraulics 695,0,0,Mod693,hydraulics 693,0,0,Mod674,2016/04/23 08:58:44,2378.0,2016/04/23 09:38:22,,,
Mod421,Fuel 421,0,0,Mod418,Fuel 418,0,0,Mod406,2016/04/23 09:04:02,1601.0,2016/04/23 09:30:43,,,
Mod396,Leading edge 396,0,0,Mod370,Leading edge,10,0,Mod334,2016/04/23 09:04:32,45914.0,2016/04/23 21:49:46,,,
Mod679,hydraulics 679,0,0,Mod678,hydraulics 678,0,0,Mod674,2016/04/23 09:04:37,4516.0,2016/04/23 10:19:53,,,
Mod549,Remove elec 549,0,0,Mod548,Remove elec,10,0,Mod334,2016/04/23 09:07:36,1129.0,2016/04/23 09:26:25,,,
Mod372,Leading edge 372,0,0,Mod371,Leading edge 371,0,0,Mod370,2016/04/23 09:09:57,10234.0,2016/04/23 12:00:31,,,
Mod2206,Backlog 2206,0,0,Mod1715,Backlog,10,0,Mod334,2016/04/23 09:12:02,8129.0,2016/04/23 11:27:31,,,
Mod2082,Backlog 2082,0,0,Mod1715,Backlog,10,0,Mod334,2016/04/23 09:13:24,1897.0,2016/04/23 09:45:01,,,
Mod704,hydraulics 704,0,0,Mod702,hydraulics 702,0,0,Mod674,2016/04/23 09:17:19,3146.0,2016/04/23 10:09:45,,,
Mod745,hydraulics 745,0,0,Mod674,hydraulics,10,0,Mod334,2016/04/23 09:19:57,2258.0,2016/04/23 09:57:35,,,
Mod800,Prep fuel 800,0,0,Mod795,Prep fuel,10,0,Mod334,2016/04/23 09:23:26,1448.0,2016/04/23 09:47:34,,,
Mod825,Prep elec 825,0,0,Mod824,Prep elec,10,0,Mod334,2016/04/23 09:26:25,1129.0,2016/04/23 09:45:14,,Mod760,
Mod419,Fuel 419,0,0,Mod418,Fuel 418,0,0,Mod406,2016/04/23 09:30:43,1921.0,2016/04/23 10:02:44,,,
Mod591,Elec cargo 591,0,0,Mod576,Elec cargo,10,0,Mod334,2016/04/23 09:33:20,7516.0,2016/04/23 11:38:36,,,
Mod2073,Backlog 2073,0,0,Mod1715,Backlog,10,0,Mod334,2016/04/23 09:38:22,12600.0,2016/04/23 13:08:22,,,
Mod796,Prep fuel 796,0,0,Mod795,Prep fuel,10,0,Mod334,2016/04/23 09:45:01,2149.0,2016/04/23 10:20:50,,,
Mod387,Leading edge 387,0,0,Mod385,Leading edge 385,0,0,Mod370,2016/04/23 09:45:14,1355.0,2016/04/23 10:07:49,,,
Mod806,Prep fuel 806,0,0,Mod795,Prep fuel,10,0,Mod334,2016/04/23 09:47:34,1448.0,2016/04/23 10:11:42,,,
Mod812,Prep fuel 812,0,0,Mod795,Prep fuel,10,0,Mod334,2016/04/23 09:56:27,3199.0,2016/04/23 10:49:46,,,
Mod655,Tests doors 655,0,0,Mod653,Tests doors,10,0,Mod334,2016/04/23 10:02:44,2242.0,2016/04/23 10:40:06,,,
Mod390,Leading edge 390,0,0,Mod388,Leading edge 388,0,0,Mod370,2016/04/23 10:07:49,1355.0,2016/04/23 10:30:24,,,
Mod733,hydraulics 733,0,0,Mod674,hydraulics,10,0,Mod334,2016/04/23 10:11:42,3387.0,2016/04/23 11:08:09,,,
Mod953,Wing tips 953,0,0,Mod952,Wing tips 952,0,0,Mod948,2016/04/23 10:19:53,10487.0,2016/04/23 13:14:40,,,
Mod1822,Backlog 1822,0,0,Mod1715,Backlog,10,0,Mod334,2016/04/23 10:20:50,3387.0,2016/04/23 11:17:17,,,
Mod394,Leading edge 394,0,0,Mod370,Leading edge,10,0,Mod334,2016/04/23 10:30:24,1580.0,2016/04/23 10:56:44,,,
Mod423,Fuel 423,0,0,Mod418,Fuel 418,0,0,Mod406,2016/04/23 10:40:06,3202.0,2016/04/23 11:33:28,,,
Mod703,hydraulics 703,0,0,Mod702,hydraulics 702,0,0,Mod674,2016/04/23 10:49:46,3146.0,2016/04/23 11:42:12,,,
Mod750,hydraulics 750,0,0,Mod674,hydraulics,10,0,Mod334,2016/04/23 10:56:44,1807.0,2016/04/23 11:26:51,,,
Mod804,Prep fuel 804,0,0,Mod795,Prep fuel,10,0,Mod334,2016/04/23 11:11:44,1238.0,2016/04/23 11:32:22,,,
Mod946,Underbelly 946,0,0,Mod846,Underbelly,10,0,Mod334,2016/04/23 11:17:17,10377.0,2016/04/23 14:10:14,,Mod877,
Mod1748,Backlog 1748,0,0,Mod1715,Backlog,10,0,Mod334,2016/04/23 11:26:51,2660.0,2016/04/23 12:11:11,,,
Mod547,Remove mount 547,0,0,Mod538,Remove mount,10,0,Mod334,2016/04/23 11:28:54,5083.0,2016/04/23 12:53:37,,,
Mod701,hydraulics 701,0,0,Mod699,hydraulics 699,0,0,Mod674,2016/04/23 11:32:22,2335.0,2016/04/23 12:11:17,,,
Mod422,Fuel 422,0,0,Mod418,Fuel 418,0,0,Mod406,2016/04/23 11:33:28,7364.0,2016/04/23 13:36:12,,,
Mod2145,Backlog 2145,0,0,Mod1715,Backlog,10,0,Mod334,2016/04/23 11:42:12,12871.0,2016/04/23 15:16:43,,,
Mod654,Tests doors 654,0,0,Mod653,Tests doors,10,0,Mod334,2016/04/23 12:00:09,5123.0,2016/04/23 13:25:32,,,
Mod595,Elec cargo 595,0,0,Mod576,Elec cargo,10,0,Mod334,2016/04/23 12:11:11,798.0,2016/04/23 12:24:29,,Mod825,
Mod1998,Backlog 1998,0,0,Mod1715,Backlog,10,0,Mod334,2016/04/23 12:24:29,2258.0,2016/04/23 13:02:07,,,
Mod732,hydraulics 732,0,0,Mod674,hydraulics,10,0,Mod334,2016/04/23 12:27:00,1129.0,2016/04/23 12:45:49,,,
Mod1948,Backlog 1948,0,0,Mod1715,Backlog,10,0,Mod334,2016/04/23 12:27:00,3161.0,2016/04/23 13:19:41,,,
Mod692,hydraulics 692,0,0,Mod690,hydraulics 690,0,0,Mod674,2016/04/23 12:43:38,2335.0,2016/04/23 13:22:33,,,
Mod359,Ventilation/AC 359,0,0,Mod335,Ventilation/AC,10,0,Mod334,2016/04/23 12:45:49,11291.0,2016/04/23 15:54:00,,,
Mod592,Elec cargo 592,0,0,Mod576,Elec cargo,10,0,Mod334,2016/04/23 13:02:07,1129.0,2016/04/23 13:20:56,,Mod825,
Mod505,Fuel 505,0,0,Mod406,Fuel,10,0,Mod334,2016/04/23 13:19:41,7026.0,2016/04/23 15:16:47,,,
Mod1967,Backlog 1967,0,0,Mod1715,Backlog,10,0,Mod334,2016/04/23 13:20:56,2407.0,2016/04/23 14:01:03,,,
Mod417,Fuel 417,0,0,Mod415,Fuel 415,0,0,Mod406,2016/04/23 13:22:33,858.0,2016/04/23 13:36:51,,,
Mod424,Fuel 424,0,0,Mod418,Fuel 418,0,0,Mod406,2016/04/23 13:36:12,9926.0,2016/04/23 16:21:38,,,
Mod714,hydraulics 714,0,0,Mod713,hydraulics 713,0,0,Mod674,2016/04/23 13:36:51,4586.0,2016/04/23 14:53:17,,,
Mod459,Fuel 459,0,0,Mod458,Fuel 458,0,0,Mod406,2016/04/23 14:10:12,2484.0,2016/04/23 14:51:36,,,
Mod580,Elec cargo 580,0,0,Mod576,Elec cargo,10,0,Mod334,2016/04/23 14:10:14,2258.0,2016/04/23 14:47:52,,,
Mod808,Prep fuel 808,0,0,Mod795,Prep fuel,10,0,Mod334,2016/04/23 14:32:27,5479.0,2016/04/23 16:03:46,,,
Mod2160,Backlog 2160,0,0,Mod1715,Backlog,10,0,Mod334,2016/04/23 14:47:52,3600.0,2016/04/23 15:47:52,,,
Mod879,Underbelly 879,0,0,Mod877,Underbelly 877,0,0,Mod846,2016/04/23 14:51:36,16660.0,2016/04/23 19:29:16,,,
Mod802,Prep fuel 802,0,0,Mod795,Prep fuel,10,0,Mod334,2016/04/23 14:53:17,2149.0,2016/04/23 15:29:06,,,
Mod746,hydraulics 746,0,0,Mod674,hydraulics,10,0,Mod334,2016/04/23 14:53:17,9341.0,2016/04/23 17:28:58,,Mod701,
Mod853,Underbelly 853,0,0,Mod851,Underbelly 851,0,0,Mod846,2016/04/23 15:16:43,34588.0,2016/04/24 00:53:11,,Mod916,
Mod731,hydraulics 731,0,0,Mod674,hydraulics,10,0,Mod334,2016/04/23 15:29:06,6646.0,2016/04/23 17:19:52,,Mod525,
Mod757,Junction elec 757,0,0,Mod755,Junction elec,10,0,Mod334,2016/04/23 15:47:52,4862.0,2016/04/23 17:08:54,,,
Mod810,Prep fuel 810,0,0,Mod795,Prep fuel,10,0,Mod334,2016/04/23 16:03:46,7496.0,2016/04/23 18:08:42,,,
Mod747,hydraulics 747,0,0,Mod674,hydraulics,10,0,Mod334,2016/04/23 16:04:35,4670.0,2016/04/23 17:22:25,,Mod700,
Mod658,Tests pressure 658,0,0,Mod656,Tests pressure,10,0,Mod334,2016/04/23 16:21:38,14729.0,2016/04/23 20:27:07,,,
Mod583,Elec cargo 583,0,0,Mod576,Elec cargo,10,0,Mod334,2016/04/23 16:55:36,4516.0,2016/04/23 18:10:52,,,
Mod749,hydraulics 749,0,0,Mod674,hydraulics,10,0,Mod334,2016/04/23 17:22:25,1634.0,2016/04/23 17:49:39,,"Mod716, Mod713",
Mod715,hydraulics 715,0,0,Mod713,hydraulics 713,0,0,Mod674,2016/04/23 17:49:39,2414.0,2016/04/23 18:29:53,,Mod714,
Mod2175,Backlog 2175,0,0,Mod1715,Backlog,10,0,Mod334,2016/04/23 17:55:17,565.0,2016/04/23 18:04:42,,,
Mod915,Underbelly 915,0,0,Mod846,Underbelly,10,0,Mod334,2016/04/23 17:55:17,2258.0,2016/04/23 18:32:55,,"Mod916, Mod854, Mod855",
Mod365,Ventilation/AC 365,0,0,Mod335,Ventilation/AC,10,0,Mod334,2016/04/23 17:55:17,2484.0,2016/04/23 18:36:41,,"Mod916, Mod854, Mod855",
Mod1858,Backlog 1858,0,0,Mod1715,Backlog,10,0,Mod334,2016/04/23 18:04:42,1242.0,2016/04/23 18:25:24,,,
Mod389,Leading edge 389,0,0,Mod388,Leading edge 388,0,0,Mod370,2016/04/23 18:08:42,2710.0,2016/04/23 18:53:52,,"Mod757, Mod390",
Mod584,Elec cargo 584,0,0,Mod576,Elec cargo,10,0,Mod334,2016/04/23 18:10:52,4516.0,2016/04/23 19:26:08,,,
Mod363,Ventilation/AC 363,0,0,Mod335,Ventilation/AC,10,0,Mod334,2016/04/23 18:25:24,2032.0,2016/04/23 18:59:16,,"Mod916, Mod854, Mod855",
Mod722,hydraulics 722,0,0,Mod674,hydraulics,10,0,Mod334,2016/04/23 18:30:18,9848.0,2016/04/23 21:14:26,,"Mod700, Mod701",
Mod442,Fuel 442,0,0,Mod441,Fuel 441,0,0,Mod406,2016/04/23 18:52:28,2269.0,2016/04/23 19:30:17,,,
Mod501,Fuel 501,0,0,Mod406,Fuel,10,0,Mod334,2016/04/23 18:53:52,2467.0,2016/04/23 19:34:59,,Mod814,
Mod921,Underbelly 921,0,0,Mod846,Underbelly,10,0,Mod334,2016/04/23 19:23:27,4064.0,2016/04/23 20:31:11,,Mod363,
Mod585,Elec cargo 585,0,0,Mod576,Elec cargo,10,0,Mod334,2016/04/23 19:26:08,4516.0,2016/04/23 20:41:24,,,
Mod410,Fuel 410,0,0,Mod407,Fuel 407,0,0,Mod406,2016/04/23 19:30:17,876.0,2016/04/23 19:44:53,,,
Mod729,hydraulics 729,0,0,Mod674,hydraulics,10,0,Mod334,2016/04/23 19:30:17,5185.0,2016/04/23 20:56:42,,,
Mod360,Ventilation/AC 360,0,0,Mod335,Ventilation/AC,10,0,Mod334,2016/04/23 19:40:01,677.0,2016/04/23 19:51:18,,"Mod916, Mod854, Mod855",
Mod498,Fuel 498,0,0,Mod406,Fuel,10,0,Mod334,2016/04/23 20:02:26,5184.0,2016/04/23 21:28:50,,Mod760,
Mod529,Remove wings protec 529,0,0,Mod528,Remove wings protec,10,0,Mod334,2016/04/23 20:07:55,11516.0,2016/04/23 23:19:51,,,
Mod708,hydraulics 708,0,0,Mod705,hydraulics 705,0,0,Mod674,2016/04/23 20:23:04,483.0,2016/04/23 20:31:07,,Mod714,
Mod562,Water/Plumb. 562,0,0,Mod558,Water/Plumb.,10,0,Mod334,2016/04/23 20:31:11,1807.0,2016/04/23 21:01:18,,Mod921,
Mod468,Fuel 468,0,0,Mod466,Fuel 466,0,0,Mod406,2016/04/23 20:31:11,7509.0,2016/04/23 22:36:20,,,
Mod611,Elec cargo 611,0,0,Mod576,Elec cargo,10,0,Mod334,2016/04/23 20:41:24,4968.0,2016/04/23 22:04:12,,"Mod577, Mod359",
Mod534,Remove scaffold 534,0,0,Mod531,Remove scaffold,10,0,Mod334,2016/04/23 21:01:18,1330.0,2016/04/23 21:23:28,,,
Mod941,Underbelly 941,0,0,Mod846,Underbelly,10,0,Mod334,2016/04/23 21:27:36,1129.0,2016/04/23 21:46:25,,Mod873,
Mod536,Remove scaffold 536,0,0,Mod531,Remove scaffold,10,0,Mod334,2016/04/23 21:28:50,3387.0,2016/04/23 22:25:17,,,
Mod744,hydraulics 744,0,0,Mod674,hydraulics,10,0,Mod334,2016/04/23 21:54:22,3919.0,2016/04/23 22:59:41,,,
Mod377,Leading edge 377,0,0,Mod374,Leading edge 374,0,0,Mod370,2016/04/23 22:04:12,677.0,2016/04/23 22:15:29,,Mod396,
Mod381,Leading edge 381,0,0,Mod378,Leading edge 378,0,0,Mod370,2016/04/23 22:15:29,677.0,2016/04/23 22:26:46,,Mod395,
Mod353,Ventilation/AC 353,0,0,Mod335,Ventilation/AC,10,0,Mod334,2016/04/23 22:25:17,4291.0,2016/04/23 23:36:48,,"Mod916, Mod854, Mod855",
Mod610,Elec cargo 610,0,0,Mod576,Elec cargo,10,0,Mod334,2016/04/23 22:26:46,2510.0,2016/04/23 23:08:36,,Mod611,
Mod858,Underbelly 858,0,0,Mod856,Underbelly 856,0,0,Mod846,2016/04/23 22:36:20,2554.0,2016/04/23 23:18:54,,Mod857,
Mod408,Fuel 408,0,0,Mod407,Fuel 407,0,0,Mod406,2016/04/23 22:50:49,1460.0,2016/04/23 23:15:09,,,
Mod541,Remove mount 541,0,0,Mod538,Remove mount,10,0,Mod334,2016/04/23 22:50:49,10101.0,2016/04/24 01:39:10,,,
Mod2078,Backlog 2078,0,0,Mod1715,Backlog,10,0,Mod334,2016/04/23 23:08:36,6233.0,2016/04/24 00:52:29,,,
Mod409,Fuel 409,0,0,Mod407,Fuel 407,0,0,Mod406,2016/04/23 23:10:43,1460.0,2016/04/23 23:35:03,,,
Mod818,Prep fuel 818,0,0,Mod795,Prep fuel,10,0,Mod334,2016/04/23 23:14:28,6071.0,2016/04/24 00:55:39,,,
Mod563,Water/Plumb. 563,0,0,Mod558,Water/Plumb.,10,0,Mod334,2016/04/23 23:19:51,2032.0,2016/04/23 23:53:43,,Mod921,
Mod717,hydraulics 717,0,0,Mod716,hydraulics 716,0,0,Mod674,2016/04/23 23:30:11,4586.0,2016/04/24 00:46:37,,,
Mod942,Underbelly 942,0,0,Mod846,Underbelly,10,0,Mod334,2016/04/23 23:36:48,1807.0,2016/04/24 00:06:55,,Mod893,
Mod354,Ventilation/AC 354,0,0,Mod335,Ventilation/AC,10,0,Mod334,2016/04/23 23:53:43,3387.0,2016/04/24 00:50:10,,Mod921,
Mod456,Fuel 456,0,0,Mod454,Fuel 454,0,0,Mod406,2016/04/24 00:18:15,3886.0,2016/04/24 01:23:01,,,
Mod349,Ventilation/AC 349,0,0,Mod335,Ventilation/AC,10,0,Mod334,2016/04/24 00:46:37,5668.0,2016/04/24 02:21:05,,"Mod353, Mod916, Mod854, Mod915, Mod357, Mod358, Mod855, Mod829, Mod355",
Mod712,hydraulics 712,0,0,Mod709,hydraulics 709,0,0,Mod674,2016/04/24 00:50:10,483.0,2016/04/24 00:58:13,,Mod717,
Mod366,Ventilation/AC 366,0,0,Mod335,Ventilation/AC,10,0,Mod334,2016/04/24 00:52:29,1717.0,2016/04/24 01:21:06,,,
Mod361,Ventilation/AC 361,0,0,Mod335,Ventilation/AC,10,0,Mod334,2016/04/24 00:53:11,2258.0,2016/04/24 01:30:49,,"Mod368, Mod853",
Mod503,Fuel 503,0,0,Mod406,Fuel,10,0,Mod334,2016/04/24 00:55:39,53.0,2016/04/24 00:56:32,,Mod818,
Mod765,Cargo hold 765,0,0,Mod763,Cargo hold,10,0,Mod334,2016/04/24 00:55:39,1694.0,2016/04/24 01:23:53,,,
Mod861,Underbelly 861,0,0,Mod859,Underbelly 859,0,0,Mod846,2016/04/24 01:05:17,13593.0,2016/04/24 04:51:50,,,
Mod950,Wing tips 950,0,0,Mod949,Wing tips 949,0,0,Mod948,2016/04/24 01:07:01,10487.0,2016/04/24 04:01:48,,,
Mod833,Tests Radio 833,0,0,Mod831,Module 831,10,0,Mod334,2016/04/24 01:21:06,5321.0,2016/04/24 02:49:47,,,
Mod865,Underbelly 865,0,0,Mod862,Underbelly 862,0,0,Mod846,2016/04/24 01:39:10,2173.0,2016/04/24 02:15:23,,,
Mod457,Fuel 457,0,0,Mod454,Fuel 454,0,0,Mod406,2016/04/24 01:39:10,3886.0,2016/04/24 02:43:56,,,
Mod860,Underbelly 860,0,0,Mod859,Underbelly 859,0,0,Mod846,2016/04/24 02:21:05,13282.0,2016/04/24 06:02:27,,"Mod916, Mod854, Mod855",
Mod869,Underbelly 869,0,0,Mod867,Underbelly 867,0,0,Mod846,2016/04/24 02:26:12,3874.0,2016/04/24 03:30:46,,Mod865,
Mod2107,Backlog 2107,0,0,Mod1715,Backlog,10,0,Mod334,2016/04/24 02:32:03,6233.0,2016/04/24 04:15:56,,,
Mod373,Leading edge 373,0,0,Mod371,Leading edge 371,0,0,Mod370,2016/04/24 02:53:05,8717.0,2016/04/24 05:18:22,,,
Mod772,Floor cargo 772,0,0,Mod771,Floor cargo 771,0,0,Mod770,2016/04/24 03:07:27,2073.0,2016/04/24 03:42:00,,,
Mod680,hydraulics 680,0,0,Mod678,hydraulics 678,0,0,Mod674,2016/04/24 03:37:34,4217.0,2016/04/24 04:47:51,,,
Mod951,Wing tips 951,0,0,Mod949,Wing tips 949,0,0,Mod948,2016/04/24 04:01:48,1330.0,2016/04/24 04:23:58,,"Mod953, Mod950, Mod957",
Mod2246,Backlog 2246,0,0,Mod1715,Backlog,10,0,Mod334,2016/04/24 04:15:56,6233.0,2016/04/24 05:59:49,,,
Mod544,Remove mount 544,0,0,Mod538,Remove mount,10,0,Mod334,2016/04/24 04:30:17,2217.0,2016/04/24 05:07:14,,Mod539,
Mod954,Wing tips 954,0,0,Mod952,Wing tips 952,0,0,Mod948,2016/04/24 04:36:19,1330.0,2016/04/24 04:58:29,,"Mod953, Mod950, Mod957",
Mod863,Underbelly 863,0,0,Mod862,Underbelly 862,0,0,Mod846,2016/04/24 04:47:51,2173.0,2016/04/24 05:24:04,,,
Mod730,hydraulics 730,0,0,Mod674,hydraulics,10,0,Mod334,2016/04/24 04:54:52,5185.0,2016/04/24 06:21:17,,,
Mod912,Underbelly 912,0,0,Mod846,Underbelly,10,0,Mod334,2016/04/24 05:07:14,124.0,2016/04/24 05:09:18,,"Mod939, Mod941",
Mod546,Remove mount 546,0,0,Mod538,Remove mount,10,0,Mod334,2016/04/24 05:07:14,4064.0,2016/04/24 06:14:58,,Mod544,
Mod943,Underbelly 943,0,0,Mod846,Underbelly,10,0,Mod334,2016/04/24 05:09:07,3588.0,2016/04/24 06:08:55,,,
Mod540,Remove mount 540,0,0,Mod538,Remove mount,10,0,Mod334,2016/04/24 05:09:18,3443.0,2016/04/24 06:06:41,,,
Mod748,hydraulics 748,0,0,Mod674,hydraulics,10,0,Mod334,2016/04/24 05:38:27,1985.0,2016/04/24 06:11:32,,Mod745,
Mod1784,Backlog 1784,0,0,Mod1715,Backlog,10,0,Mod334,2016/04/24 05:59:49,7200.0,2016/04/24 07:59:49,,,
Mod411,Fuel 411,0,0,Mod407,Fuel 407,0,0,Mod406,2016/04/24 06:11:07,876.0,2016/04/24 06:25:43,,,
Mod728,hydraulics 728,0,0,Mod674,hydraulics,10,0,Mod334,2016/04/24 06:25:43,4539.0,2016/04/24 07:41:22,,Mod679,
Mod543,Remove mount 543,0,0,Mod538,Remove mount,10,0,Mod334,2016/04/24 07:30:00,2827.0,2016/04/24 08:17:07,,,
Mod956,Wing tips 956,0,0,Mod948,Wing tips,10,0,Mod334,2016/04/24 07:30:00,9687.0,2016/04/24 10:11:27,,"Mod951, Mod954",
Mod827,prep tests 827,0,0,Mod826,prep tests,10,0,Mod334,2016/04/24 07:30:00,36183.0,2016/04/24 17:33:03,,Mod760,
Mod490,Fuel 490,0,0,Mod406,Fuel,10,0,Mod334,2016/04/24 07:40:59,26340.0,2016/04/24 14:59:59,,,
Mod922,Underbelly 922,0,0,Mod846,Underbelly,10,0,Mod334,2016/04/24 07:44:34,1694.0,2016/04/24 08:12:48,,"Mod858, Mod943",
Mod773,Floor cargo 773,0,0,Mod771,Floor cargo 771,0,0,Mod770,2016/04/24 07:47:00,2073.0,2016/04/24 08:21:33,,,
Mod581,Elec cargo 581,0,0,Mod576,Elec cargo,10,0,Mod334,2016/04/24 07:59:49,6775.0,2016/04/24 09:52:44,,,
Mod766,Cargo hold 766,0,0,Mod763,Cargo hold,10,0,Mod334,2016/04/24 08:17:07,903.0,2016/04/24 08:32:10,,,
Mod486,Fuel 486,0,0,Mod406,Fuel,10,0,Mod334,2016/04/24 08:17:07,1208.0,2016/04/24 08:37:15,,Mod493,
Mod545,Remove mount 545,0,0,Mod538,Remove mount,10,0,Mod334,2016/04/24 08:21:33,4064.0,2016/04/24 09:29:17,,Mod543,
Mod542,Remove mount 542,0,0,Mod538,Remove mount,10,0,Mod334,2016/04/24 08:32:10,565.0,2016/04/24 08:41:35,,Mod543,
Mod933,Underbelly 933,0,0,Mod846,Underbelly,10,0,Mod334,2016/04/24 08:37:15,1242.0,2016/04/24 08:57:57,,"Mod860, Mod861",
Mod816,Prep fuel 816,0,0,Mod795,Prep fuel,10,0,Mod334,2016/04/24 08:57:57,2277.0,2016/04/24 09:35:54,,,
Mod923,Underbelly 923,0,0,Mod846,Underbelly,10,0,Mod334,2016/04/24 09:29:17,12194.0,2016/04/24 12:52:31,,"Mod361, Mod362, Mod368, Mod853",
Mod762,Add scaffold 762,0,0,Mod760,Add scaffold,10,0,Mod334,2016/04/24 09:35:54,2597.0,2016/04/24 10:19:11,,,
Mod588,Elec cargo 588,0,0,Mod576,Elec cargo,10,0,Mod334,2016/04/24 09:52:44,5217.0,2016/04/24 11:19:41,,Mod581,
Mod552,Misc. 552,0,0,Mod550,Misc.,10,0,Mod334,2016/04/24 10:11:27,9032.0,2016/04/24 12:41:59,,Mod760,
Mod723,hydraulics 723,0,0,Mod674,hydraulics,10,0,Mod334,2016/04/24 10:19:11,3398.0,2016/04/24 11:15:49,,Mod719,
Mod764,Cargo hold 764,0,0,Mod763,Cargo hold,10,0,Mod334,2016/04/24 11:15:38,4968.0,2016/04/24 12:38:26,,,
Mod947,Underbelly 947,0,0,Mod846,Underbelly,10,0,Mod334,2016/04/24 11:19:41,6777.0,2016/04/24 13:12:38,,"Mod939, Mod941",
Mod742,hydraulics 742,0,0,Mod674,hydraulics,10,0,Mod334,2016/04/24 12:38:26,678.0,2016/04/24 12:49:44,,"Mod751, Mod723",
Mod878,Underbelly 878,0,0,Mod877,Underbelly 877,0,0,Mod846,2016/04/24 12:41:59,16660.0,2016/04/24 17:19:39,,,
Mod578,Elec cargo 578,0,0,Mod576,Elec cargo,10,0,Mod334,2016/04/24 12:44:05,5092.0,2016/04/24 14:08:57,,Mod581,
Mod566,Water/Plumb. 566,0,0,Mod558,Water/Plumb.,10,0,Mod334,2016/04/24 12:52:31,2032.0,2016/04/24 13:26:23,,"Mod923, Mod352",
Mod564,Water/Plumb. 564,0,0,Mod558,Water/Plumb.,10,0,Mod334,2016/04/24 12:52:31,2258.0,2016/04/24 13:30:09,,"Mod923, Mod352",
Mod570,Water/Plumb. 570,0,0,Mod558,Water/Plumb.,10,0,Mod334,2016/04/24 13:12:38,1064.0,2016/04/24 13:30:22,,"Mod923, Mod352",
Mod575,Water/Plumb. 575,0,0,Mod558,Water/Plumb.,10,0,Mod334,2016/04/24 13:30:22,1330.0,2016/04/24 13:52:32,,"Mod923, Mod352",
Mod574,Water/Plumb. 574,0,0,Mod558,Water/Plumb.,10,0,Mod334,2016/04/24 13:52:32,2395.0,2016/04/24 14:32:27,,"Mod923, Mod352",
Mod565,Water/Plumb. 565,0,0,Mod558,Water/Plumb.,10,0,Mod334,2016/04/24 14:08:46,1355.0,2016/04/24 14:31:21,,"Mod923, Mod352",
Mod568,Water/Plumb. 568,0,0,Mod558,Water/Plumb.,10,0,Mod334,2016/04/24 14:08:57,1807.0,2016/04/24 14:39:04,,"Mod923, Mod352",
Mod587,Elec cargo 587,0,0,Mod576,Elec cargo,10,0,Mod334,2016/04/24 14:08:57,5645.0,2016/04/24 15:43:02,,"Mod578, Mod588",
Mod461,Fuel 461,0,0,Mod458,Fuel 458,0,0,Mod406,2016/04/24 14:31:21,2484.0,2016/04/24 15:12:45,,,
Mod756,Junction elec 756,0,0,Mod755,Junction elec,10,0,Mod334,2016/04/24 14:32:27,5314.0,2016/04/24 16:01:01,,,
Mod502,Fuel 502,0,0,Mod406,Fuel,10,0,Mod334,2016/04/24 14:59:59,239.0,2016/04/24 15:03:58,,Mod816,
Mod743,hydraulics 743,0,0,Mod674,hydraulics,10,0,Mod334,2016/04/24 15:12:45,3919.0,2016/04/24 16:18:04,,,
Mod569,Water/Plumb. 569,0,0,Mod558,Water/Plumb.,10,0,Mod334,2016/04/24 15:47:43,5587.0,2016/04/24 17:20:50,,"Mod923, Mod352",
Mod937,Underbelly 937,0,0,Mod846,Underbelly,10,0,Mod334,2016/04/24 16:09:12,13330.0,2016/04/24 19:51:22,,Mod942,
Mod872,Underbelly 872,0,0,Mod870,Underbelly 870,0,0,Mod846,2016/04/24 16:42:51,5849.0,2016/04/24 18:20:20,,Mod869,
Mod386,Leading edge 386,0,0,Mod385,Leading edge 385,0,0,Mod370,2016/04/24 16:44:57,2710.0,2016/04/24 17:30:07,,"Mod387, Mod756",
Mod586,Elec cargo 586,0,0,Mod576,Elec cargo,10,0,Mod334,2016/04/24 16:44:57,9710.0,2016/04/24 19:26:47,,Mod587,
Mod567,Water/Plumb. 567,0,0,Mod558,Water/Plumb.,10,0,Mod334,2016/04/24 17:20:29,3161.0,2016/04/24 18:13:10,,"Mod923, Mod352",
Mod573,Water/Plumb. 573,0,0,Mod558,Water/Plumb.,10,0,Mod334,2016/04/24 17:20:50,3193.0,2016/04/24 18:14:03,,"Mod923, Mod559, Mod352, Mod569, Mod571",
Mod393,Leading edge 393,0,0,Mod370,Leading edge,10,0,Mod334,2016/04/24 17:33:03,3842.0,2016/04/24 18:37:05,,"Mod757, Mod756, Mod394",
Mod464,Fuel 464,0,0,Mod463,Fuel 463,0,0,Mod406,2016/04/24 18:13:10,5068.0,2016/04/24 19:37:38,,,
Mod375,Leading edge 375,0,0,Mod374,Leading edge 374,0,0,Mod370,2016/04/24 18:14:03,7000.0,2016/04/24 20:10:43,,Mod377,
Mod671,Tests elec power 671,0,0,Mod669,Tests elec power,10,0,Mod334,2016/04/24 18:37:05,9606.0,2016/04/24 21:17:11,,"Mod757, Mod756, Mod827",
Mod676,hydraulics 676,0,0,Mod675,hydraulics 675,0,0,Mod674,2016/04/24 19:26:33,9722.0,2016/04/24 22:08:35,,Mod395,
Mod868,Underbelly 868,0,0,Mod867,Underbelly 867,0,0,Mod846,2016/04/24 19:51:22,3874.0,2016/04/24 20:55:56,,Mod863,
Mod376,Leading edge 376,0,0,Mod374,Leading edge 374,0,0,Mod370,2016/04/24 20:10:43,1250.0,2016/04/24 20:31:33,,Mod375,
Mod471,Fuel 471,0,0,Mod469,Fuel 469,0,0,Mod406,2016/04/24 20:27:07,6531.0,2016/04/24 22:15:58,,Mod810,
Mod399,Leading edge 399,0,0,Mod370,Leading edge,10,0,Mod334,2016/04/24 20:31:33,1129.0,2016/04/24 20:50:22,,Mod376,
Mod398,Leading edge 398,0,0,Mod370,Leading edge,10,0,Mod334,2016/04/24 20:31:33,1807.0,2016/04/24 21:01:40,,Mod376,
Mod589,Elec cargo 589,0,0,Mod576,Elec cargo,10,0,Mod334,2016/04/24 20:50:22,5217.0,2016/04/24 22:17:19,,"Mod580, Mod595, Mod583, Mod591, Mod586, Mod584, Mod585",
Mod925,Underbelly 925,0,0,Mod846,Underbelly,10,0,Mod334,2016/04/24 20:55:56,1129.0,2016/04/24 21:14:45,,"Mod868, Mod869",
Mod666,Tests fire 666,0,0,Mod665,Tests fire,10,0,Mod334,2016/04/24 21:17:11,1281.0,2016/04/24 21:38:32,,Mod671,
Mod662,Tests defrost 662,0,0,Mod659,Tests defrost,10,0,Mod334,2016/04/24 21:17:11,3201.0,2016/04/24 22:10:32,,Mod671,
Mod718,hydraulics 718,0,0,Mod716,hydraulics 716,0,0,Mod674,2016/04/24 21:23:13,2414.0,2016/04/24 22:03:27,,Mod717,
Mod928,Underbelly 928,0,0,Mod846,Underbelly,10,0,Mod334,2016/04/24 21:24:32,1129.0,2016/04/24 21:43:21,,"Mod868, Mod869",
Mod337,Ventilation/AC 337,0,0,Mod336,Ventilation/AC 336,0,0,Mod335,2016/04/24 21:38:32,1601.0,2016/04/24 22:05:13,,Mod671,
Mod932,Underbelly 932,0,0,Mod846,Underbelly,10,0,Mod334,2016/04/24 21:43:21,1129.0,2016/04/24 22:02:10,,"Mod868, Mod869",
Mod919,Underbelly 919,0,0,Mod846,Underbelly,10,0,Mod334,2016/04/24 21:55:17,9032.0,2016/04/25 00:25:49,,"Mod868, Mod915, Mod869",
Mod929,Underbelly 929,0,0,Mod846,Underbelly,10,0,Mod334,2016/04/24 21:55:17,9479.0,2016/04/25 00:33:16,,Mod933,
Mod667,Tests fire 667,0,0,Mod665,Tests fire,10,0,Mod334,2016/04/24 22:02:10,9313.0,2016/04/25 00:37:23,,Mod671,
Mod871,Underbelly 871,0,0,Mod870,Underbelly 870,0,0,Mod846,2016/04/24 22:03:27,5849.0,2016/04/24 23:40:56,,Mod868,
Mod339,Ventilation/AC 339,0,0,Mod336,Ventilation/AC 336,0,0,Mod335,2016/04/24 22:05:13,2882.0,2016/04/24 22:53:15,,Mod671,
Mod633,Tests oxygen 633,0,0,Mod632,Tests oxygen,10,0,Mod334,2016/04/24 22:10:32,640.0,2016/04/24 22:21:12,,Mod671,
Mod379,Leading edge 379,0,0,Mod378,Leading edge 378,0,0,Mod370,2016/04/24 22:17:19,7000.0,2016/04/25 00:13:59,,Mod381,
Mod664,Tests defrost 664,0,0,Mod659,Tests defrost,10,0,Mod334,2016/04/24 22:21:12,961.0,2016/04/24 22:37:13,,Mod671,
Mod663,Tests defrost 663,0,0,Mod659,Tests defrost,10,0,Mod334,2016/04/24 22:37:13,1281.0,2016/04/24 22:58:34,,Mod671,
Mod475,Fuel 475,0,0,Mod473,Fuel 473,0,0,Mod406,2016/04/24 22:37:30,6892.0,2016/04/25 00:32:22,,Mod808,
Mod344,Ventilation/AC 344,0,0,Mod343,Ventilation/AC 343,0,0,Mod335,2016/04/24 22:53:15,6404.0,2016/04/25 00:39:59,,Mod671,
Mod623,Tests intruments 623,0,0,Mod622,Tests intruments,10,0,Mod334,2016/04/24 22:58:34,1281.0,2016/04/24 23:19:55,,Mod671,
Mod621,Test lights 621,0,0,Mod619,Test lights,10,0,Mod334,2016/04/24 23:19:55,1921.0,2016/04/24 23:51:56,,Mod671,
Mod467,Fuel 467,0,0,Mod466,Fuel 466,0,0,Mod406,2016/04/24 23:40:56,7509.0,2016/04/25 01:46:05,,,
Mod620,Test lights 620,0,0,Mod619,Test lights,10,0,Mod334,2016/04/24 23:51:56,2242.0,2016/04/25 00:29:18,,Mod671,
Mod886,Underbelly 886,0,0,Mod885,Underbelly 885,0,0,Mod846,2016/04/24 23:57:28,4460.0,2016/04/25 01:11:48,,,
Mod380,Leading edge 380,0,0,Mod378,Leading edge 378,0,0,Mod370,2016/04/25 00:13:59,1250.0,2016/04/25 00:34:49,,Mod379,
Mod843,Test landing gear 843,0,0,Mod834,Instruments,10,0,Mod334,2016/04/25 00:29:18,3842.0,2016/04/25 01:33:20,,Mod671,
Mod400,Leading edge 400,0,0,Mod370,Leading edge,10,0,Mod334,2016/04/25 00:34:49,1129.0,2016/04/25 00:53:38,,Mod380,
Mod496,Fuel 496,0,0,Mod406,Fuel,10,0,Mod334,2016/04/25 00:39:59,1601.0,2016/04/25 01:06:40,,Mod671,
Mod605,Elec cargo 605,0,0,Mod576,Elec cargo,10,0,Mod334,2016/04/25 00:53:38,7982.0,2016/04/25 03:06:40,,,
Mod397,Leading edge 397,0,0,Mod370,Leading edge,10,0,Mod334,2016/04/25 01:04:07,1807.0,2016/04/25 01:34:14,,Mod380,
Mod673,Tests heating cockpit 673,0,0,Mod672,Tests heating cockpit,10,0,Mod334,2016/04/25 01:06:40,1921.0,2016/04/25 01:38:41,,Mod671,
Mod472,Fuel 472,0,0,Mod469,Fuel 469,0,0,Mod406,2016/04/25 01:11:48,1253.0,2016/04/25 01:32:41,,"Mod822, Mod471",
Mod657,Tests pressure 657,0,0,Mod656,Tests pressure,10,0,Mod334,2016/04/25 01:11:48,10643.0,2016/04/25 04:09:11,,,
Mod940,Underbelly 940,0,0,Mod846,Underbelly,10,0,Mod334,2016/04/25 01:27:22,17004.0,2016/04/25 06:10:46,,"Mod852, Mod916, Mod853",
Mod499,Fuel 499,0,0,Mod406,Fuel,10,0,Mod334,2016/04/25 01:32:41,319.0,2016/04/25 01:38:00,,"Mod812, Mod475, Mod472",
Mod347,Ventilation/AC 347,0,0,Mod343,Ventilation/AC 343,0,0,Mod335,2016/04/25 01:33:20,961.0,2016/04/25 01:49:21,,Mod671,
Mod920,Underbelly 920,0,0,Mod846,Underbelly,10,0,Mod334,2016/04/25 01:34:14,2822.0,2016/04/25 02:21:16,,"Mod868, Mod869",
Mod557,Test elec 557,0,0,Mod554,Test elec,10,0,Mod334,2016/04/25 01:38:41,2242.0,2016/04/25 02:16:03,,Mod671,
Mod391,Leading edge 391,0,0,Mod370,Leading edge,10,0,Mod334,2016/04/25 01:46:05,16733.0,2016/04/25 06:24:58,,"Mod399, Mod702, Mod400, Mod398, Mod397",
Mod342,Ventilation/AC 342,0,0,Mod336,Ventilation/AC 336,0,0,Mod335,2016/04/25 01:49:21,2242.0,2016/04/25 02:26:43,,Mod671,
Mod660,Tests defrost 660,0,0,Mod659,Tests defrost,10,0,Mod334,2016/04/25 02:16:03,2882.0,2016/04/25 03:04:05,,Mod671,
Mod698,hydraulics 698,0,0,Mod696,hydraulics 696,0,0,Mod674,2016/04/25 02:21:16,1807.0,2016/04/25 02:51:23,,Mod676,
Mod842,Test landing gear 842,0,0,Mod834,Instruments,10,0,Mod334,2016/04/25 02:26:43,2561.0,2016/04/25 03:09:24,,Mod671,
Mod435,Fuel 435,0,0,Mod431,Fuel 431,0,0,Mod406,2016/04/25 02:51:23,2102.0,2016/04/25 03:26:25,,"Mod804, Mod472, Mod499",
Mod832,Tests Radio 832,0,0,Mod831,Module 831,10,0,Mod334,2016/04/25 03:04:05,3522.0,2016/04/25 04:02:47,,"Mod833, Mod671",
Mod594,Elec cargo 594,0,0,Mod576,Elec cargo,10,0,Mod334,2016/04/25 03:06:40,1807.0,2016/04/25 03:36:47,,Mod605,
Mod340,Ventilation/AC 340,0,0,Mod336,Ventilation/AC 336,0,0,Mod335,2016/04/25 03:09:24,4803.0,2016/04/25 04:29:27,,Mod671,
Mod609,Elec cargo 609,0,0,Mod576,Elec cargo,10,0,Mod334,2016/04/25 03:36:47,1330.0,2016/04/25 03:58:57,,Mod594,
Mod579,Elec cargo 579,0,0,Mod576,Elec cargo,10,0,Mod334,2016/04/25 03:58:57,2258.0,2016/04/25 04:36:35,,Mod609,
Mod494,Fuel 494,0,0,Mod406,Fuel,10,0,Mod334,2016/04/25 04:02:47,6084.0,2016/04/25 05:44:11,,Mod671,
Mod470,Fuel 470,0,0,Mod469,Fuel 469,0,0,Mod406,2016/04/25 04:09:11,2849.0,2016/04/25 04:56:40,,Mod499,
Mod603,Elec cargo 603,0,0,Mod576,Elec cargo,10,0,Mod334,2016/04/25 04:36:35,1330.0,2016/04/25 04:58:45,,Mod579,
Mod433,Fuel 433,0,0,Mod431,Fuel 431,0,0,Mod406,2016/04/25 04:56:40,4507.0,2016/04/25 06:11:47,,"Mod435, Mod802",
Mod759,Painting 759,0,0,Mod758,Painting,10,0,Mod334,2016/04/25 04:58:45,23680.0,2016/04/25 11:33:25,,Mod671,
Mod432,Fuel 432,0,0,Mod431,Fuel 431,0,0,Mod406,2016/04/25 06:11:47,747.0,2016/04/25 06:24:14,,Mod435,
Mod476,Fuel 476,0,0,Mod473,Fuel 473,0,0,Mod406,2016/04/25 07:30:00,1231.0,2016/04/25 07:50:31,,"Mod820, Mod475",
Mod495,Fuel 495,0,0,Mod406,Fuel,10,0,Mod334,2016/04/25 07:30:00,3842.0,2016/04/25 08:34:02,,"Mod421, Mod420, Mod494, Mod423, Mod496, Mod425, Mod422, Mod518, Mod424",
Mod527,Wings tests 527,0,0,Mod522,Wings tests,10,0,Mod334,2016/04/25 07:30:00,5443.0,2016/04/25 09:00:43,,"Mod671, Mod921",
Mod794,Fuselage 794,0,0,Mod793,Fuselage,10,0,Mod334,2016/04/25 07:30:00,8352.0,2016/04/25 09:49:12,,"Mod955, Mod547, Mod956, Mod951, Mod832, Mod954, Mod545, Mod546, Mod541, Mod542, Mod540",
Mod906,Underbelly 906,0,0,Mod904,Underbelly 904,0,0,Mod846,2016/04/25 07:30:00,8572.0,2016/04/25 09:52:52,,Mod940,
Mod491,Fuel 491,0,0,Mod406,Fuel,10,0,Mod334,2016/04/25 07:46:32,29939.0,2016/04/25 16:05:31,,"Mod420, Mod498, Mod425, Mod496, Mod431, Mod422, Mod419, Mod415, Mod436, Mod421, Mod497, Mod504, Mod424",
Mod905,Underbelly 905,0,0,Mod904,Underbelly 904,0,0,Mod846,2016/04/25 08:28:17,8572.0,2016/04/25 10:51:09,,Mod940,
Mod661,Tests defrost 661,0,0,Mod659,Tests defrost,10,0,Mod334,2016/04/25 08:34:02,4803.0,2016/04/25 09:54:05,,Mod671,
Mod629,Tests navigation 629,0,0,Mod625,Tests navigation,10,0,Mod334,2016/04/25 09:00:43,5764.0,2016/04/25 10:36:47,,Mod671,
Mod474,Fuel 474,0,0,Mod473,Fuel 473,0,0,Mod406,2016/04/25 09:04:05,2849.0,2016/04/25 09:51:34,,"Mod476, Mod499",
Mod668,Tests fire 668,0,0,Mod665,Tests fire,10,0,Mod334,2016/04/25 09:54:05,5443.0,2016/04/25 11:24:48,,Mod671,
Mod936,Underbelly 936,0,0,Mod846,Underbelly,10,0,Mod334,2016/04/25 10:02:22,3847.0,2016/04/25 11:06:29,,Mod919,
Mod439,Fuel 439,0,0,Mod436,Fuel 436,0,0,Mod406,2016/04/25 10:15:58,2102.0,2016/04/25 10:51:00,,"Mod476, Mod499, Mod798",
Mod628,Tests navigation 628,0,0,Mod625,Tests navigation,10,0,Mod334,2016/04/25 10:36:47,6404.0,2016/04/25 12:23:31,,Mod671,
Mod434,Fuel 434,0,0,Mod431,Fuel 431,0,0,Mod406,2016/04/25 10:51:00,10158.0,2016/04/25 13:40:18,,Mod432,
Mod670,Tests elec power 670,0,0,Mod669,Tests elec power,10,0,Mod334,2016/04/25 11:24:48,8966.0,2016/04/25 13:54:14,,Mod671,
Mod511,Fuel 511,0,0,Mod406,Fuel,10,0,Mod334,2016/04/25 11:33:25,2936.0,2016/04/25 12:22:21,,Mod476,
Mod429,Fuel 429,0,0,Mod426,Fuel 426,0,0,Mod406,2016/04/25 12:22:21,5854.0,2016/04/25 13:59:55,,"Mod476, Mod511",
Mod392,Leading edge 392,0,0,Mod370,Leading edge,10,0,Mod334,2016/04/25 12:23:31,6404.0,2016/04/25 14:10:15,,"Mod399, Mod400, Mod398, Mod397",
Mod489,Fuel 489,0,0,Mod406,Fuel,10,0,Mod334,2016/04/25 13:25:45,2269.0,2016/04/25 14:03:34,,"Mod476, Mod472, Mod499",
Mod895,Underbelly 895,0,0,Mod893,Underbelly 893,0,0,Mod846,2016/04/25 13:44:06,3613.0,2016/04/25 14:44:19,,"Mod906, Mod903",
Mod677,hydraulics 677,0,0,Mod675,hydraulics 675,0,0,Mod674,2016/04/25 13:44:06,9722.0,2016/04/25 16:26:08,,Mod396,
Mod341,Ventilation/AC 341,0,0,Mod336,Ventilation/AC 336,0,0,Mod335,2016/04/25 13:54:14,8966.0,2016/04/25 16:23:40,,Mod342,
Mod430,Fuel 430,0,0,Mod426,Fuel 426,0,0,Mod406,2016/04/25 13:59:55,5854.0,2016/04/25 15:37:29,,"Mod472, Mod511",
Mod894,Underbelly 894,0,0,Mod893,Underbelly 893,0,0,Mod846,2016/04/25 14:03:34,3613.0,2016/04/25 15:03:47,,"Mod902, Mod905",
Mod626,Tests navigation 626,0,0,Mod625,Tests navigation,10,0,Mod334,2016/04/25 14:10:15,6404.0,2016/04/25 15:56:59,,Mod671,
Mod437,Fuel 437,0,0,Mod436,Fuel 436,0,0,Mod406,2016/04/25 15:03:47,4507.0,2016/04/25 16:18:54,,"Mod439, Mod796",
Mod427,Fuel 427,0,0,Mod426,Fuel 426,0,0,Mod406,2016/04/25 15:37:29,5854.0,2016/04/25 17:15:03,,"Mod429, Mod499",
Mod735,hydraulics 735,0,0,Mod674,hydraulics,10,0,Mod334,2016/04/25 15:56:59,1281.0,2016/04/25 16:18:20,,Mod626,
Mod913,Underbelly 913,0,0,Mod846,Underbelly,10,0,Mod334,2016/04/25 16:05:31,1140.0,2016/04/25 16:24:31,,"Mod936, Mod922, Mod870, Mod920",
Mod734,hydraulics 734,0,0,Mod674,hydraulics,10,0,Mod334,2016/04/25 16:18:20,1601.0,2016/04/25 16:45:01,,Mod626,
Mod738,hydraulics 738,0,0,Mod674,hydraulics,10,0,Mod334,2016/04/25 16:18:20,11305.0,2016/04/25 19:26:45,,Mod735,
Mod478,Fuel 478,0,0,Mod406,Fuel,10,0,Mod334,2016/04/25 16:18:54,9608.0,2016/04/25 18:59:02,,Mod490,
Mod348,Ventilation/AC 348,0,0,Mod343,Ventilation/AC 343,0,0,Mod335,2016/04/25 16:23:40,14409.0,2016/04/25 20:23:49,,Mod671,
Mod2065,Backlog 2065,0,0,Mod1715,Backlog,10,0,Mod334,2016/04/25 16:24:31,7200.0,2016/04/25 18:24:31,,,
Mod428,Fuel 428,0,0,Mod426,Fuel 426,0,0,Mod406,2016/04/25 17:15:03,5854.0,2016/04/25 18:52:37,,"Mod430, Mod499",
Mod697,hydraulics 697,0,0,Mod696,hydraulics 696,0,0,Mod674,2016/04/25 18:24:31,1807.0,2016/04/25 18:54:38,,Mod677,
Mod509,Fuel 509,0,0,Mod406,Fuel,10,0,Mod334,2016/04/25 18:52:37,6233.0,2016/04/25 20:36:30,,Mod428,
Mod440,Fuel 440,0,0,Mod436,Fuel 436,0,0,Mod406,2016/04/25 18:58:51,747.0,2016/04/25 19:11:18,,Mod439,
Mod484,Fuel 484,0,0,Mod406,Fuel,10,0,Mod334,2016/04/25 18:59:02,2269.0,2016/04/25 19:36:51,,Mod491,
Mod444,Fuel 444,0,0,Mod441,Fuel 441,0,0,Mod406,2016/04/25 19:21:48,1806.0,2016/04/25 19:51:54,,Mod491,
Mod631,Tests navigation 631,0,0,Mod625,Tests navigation,10,0,Mod334,2016/04/25 19:26:45,7045.0,2016/04/25 21:24:10,,Mod671,
Mod726,hydraulics 726,0,0,Mod674,hydraulics,10,0,Mod334,2016/04/25 19:36:40,226.0,2016/04/25 19:40:26,,Mod738,
Mod438,Fuel 438,0,0,Mod436,Fuel 436,0,0,Mod406,2016/04/25 19:36:51,10158.0,2016/04/25 22:26:09,,Mod440,
Mod403,Black box 403,0,0,Mod402,Black box,10,0,Mod334,2016/04/25 20:23:49,9286.0,2016/04/25 22:58:35,,"Mod671, Mod404",
Mod516,Fuel 516,0,0,Mod406,Fuel,10,0,Mod334,2016/04/25 20:36:30,6777.0,2016/04/25 22:29:27,,"Mod679, Mod680, Mod404, Mod491, Mod525",
Mod617,Tests comunication 617,0,0,Mod613,Tests comunication,10,0,Mod334,2016/04/25 21:24:10,6724.0,2016/04/25 23:16:14,,Mod671,
Mod482,Fuel 482,0,0,Mod406,Fuel,10,0,Mod334,2016/04/25 22:26:09,2281.0,2016/04/25 23:04:10,,,
Mod512,Fuel 512,0,0,Mod406,Fuel,10,0,Mod334,2016/04/25 22:29:27,6777.0,2016/04/26 00:22:24,,,
Mod480,Fuel 480,0,0,Mod406,Fuel,10,0,Mod334,2016/04/25 22:29:27,12669.0,2016/04/26 02:00:36,,Mod505,
Mod627,Tests navigation 627,0,0,Mod625,Tests navigation,10,0,Mod334,2016/04/25 22:58:35,9926.0,2016/04/26 01:44:01,,Mod671,
Mod465,Fuel 465,0,0,Mod463,Fuel 463,0,0,Mod406,2016/04/25 23:03:47,5068.0,2016/04/26 00:28:15,,,
Mod556,Test elec 556,0,0,Mod554,Test elec,10,0,Mod334,2016/04/25 23:16:14,9606.0,2016/04/26 01:56:20,,Mod671,
Mod938,Underbelly 938,0,0,Mod846,Underbelly,10,0,Mod334,2016/04/26 00:17:10,5306.0,2016/04/26 01:45:36,,"Mod912, Mod947",
Mod383,Leading edge 383,0,0,Mod382,Leading edge 382,0,0,Mod370,2016/04/26 00:22:24,3725.0,2016/04/26 01:24:29,,Mod512,
Mod945,Underbelly 945,0,0,Mod846,Underbelly,10,0,Mod334,2016/04/26 00:22:24,6798.0,2016/04/26 02:15:42,,"Mod922, Mod936, Mod920, Mod870",
Mod615,Tests comunication 615,0,0,Mod613,Tests comunication,10,0,Mod334,2016/04/26 01:44:01,2882.0,2016/04/26 02:32:03,,"Mod590, Mod617",
Mod606,Elec cargo 606,0,0,Mod576,Elec cargo,10,0,Mod334,2016/04/26 01:45:36,9371.0,2016/04/26 04:21:47,,Mod603,
Mod338,Ventilation/AC 338,0,0,Mod336,Ventilation/AC 336,0,0,Mod335,2016/04/26 01:56:20,9606.0,2016/04/26 04:36:26,,Mod671,
Mod506,Fuel 506,0,0,Mod406,Fuel,10,0,Mod334,2016/04/26 02:00:36,5321.0,2016/04/26 03:29:17,,Mod480,
Mod881,Underbelly 881,0,0,Mod880,Underbelly 880,0,0,Mod846,2016/04/26 02:15:42,4742.0,2016/04/26 03:34:44,,"Mod913, Mod932, Mod847, Mod925, Mod945, Mod930",
Mod514,Fuel 514,0,0,Mod406,Fuel,10,0,Mod334,2016/04/26 02:15:42,6777.0,2016/04/26 04:08:39,,,
Mod618,Tests comunication 618,0,0,Mod613,Tests comunication,10,0,Mod334,2016/04/26 02:32:03,8005.0,2016/04/26 04:45:28,,"Mod405, Mod617",
Mod910,Underbelly 910,0,0,Mod846,Underbelly,10,0,Mod334,2016/04/26 03:34:44,2269.0,2016/04/26 04:12:33,,Mod881,
Mod510,Fuel 510,0,0,Mod406,Fuel,10,0,Mod334,2016/04/26 04:08:39,15964.0,2016/04/26 08:34:43,,"Mod472, Mod511",
Mod909,Underbelly 909,0,0,Mod907,Underbelly 907,0,0,Mod846,2016/04/26 04:18:01,2962.0,2016/04/26 05:07:23,,Mod881,
Mod882,Underbelly 882,0,0,Mod880,Underbelly 880,0,0,Mod846,2016/04/26 04:18:01,4742.0,2016/04/26 05:37:03,,"Mod913, Mod932, Mod847, Mod925, Mod928, Mod945, Mod930",
Mod883,Underbelly 883,0,0,Mod880,Underbelly 880,0,0,Mod846,2016/04/26 04:40:47,3161.0,2016/04/26 05:33:28,,"Mod913, Mod847, Mod945, Mod930",
Mod926,Underbelly 926,0,0,Mod846,Underbelly,10,0,Mod334,2016/04/26 05:37:03,2399.0,2016/04/26 06:17:02,,,
Mod908,Underbelly 908,0,0,Mod907,Underbelly 907,0,0,Mod846,2016/04/26 05:37:03,2962.0,2016/04/26 06:26:25,,Mod882,
Mod891,Underbelly 891,0,0,Mod890,Underbelly 890,0,0,Mod846,2016/04/26 07:30:00,2145.0,2016/04/26 08:05:45,,"Mod908, Mod899, Mod395",
Mod384,Leading edge 384,0,0,Mod382,Leading edge 382,0,0,Mod370,2016/04/26 07:30:00,5757.0,2016/04/26 09:05:57,,Mod514,
Mod616,Tests comunication 616,0,0,Mod613,Tests comunication,10,0,Mod334,2016/04/26 07:30:00,8005.0,2016/04/26 09:43:25,,Mod617,
Mod555,Test elec 555,0,0,Mod554,Test elec,10,0,Mod334,2016/04/26 07:30:00,10567.0,2016/04/26 10:26:07,,Mod671,
Mod892,Underbelly 892,0,0,Mod890,Underbelly 890,0,0,Mod846,2016/04/26 08:03:52,2145.0,2016/04/26 08:39:37,,"Mod909, Mod396, Mod900",
Mod604,Elec cargo 604,0,0,Mod576,Elec cargo,10,0,Mod334,2016/04/26 08:34:43,3725.0,2016/04/26 09:36:48,,Mod606,
Mod888,Underbelly 888,0,0,Mod885,Underbelly 885,0,0,Mod846,2016/04/26 08:39:37,1129.0,2016/04/26 08:58:26,,"Mod372, Mod891",
Mod889,Underbelly 889,0,0,Mod885,Underbelly 885,0,0,Mod846,2016/04/26 08:39:37,1129.0,2016/04/26 08:58:26,,"Mod373, Mod892",
Mod492,Fuel 492,0,0,Mod406,Fuel,10,0,Mod334,2016/04/26 08:39:37,36983.0,2016/04/26 18:56:00,,"Mod458, Mod507, Mod493, Mod512, Mod514, Mod451, Mod478",
Mod874,Underbelly 874,0,0,Mod873,Underbelly 873,0,0,Mod846,2016/04/26 08:58:26,9879.0,2016/04/26 11:43:05,,,
Mod448,Fuel 448,0,0,Mod441,Fuel 441,0,0,Mod406,2016/04/26 09:36:48,9034.0,2016/04/26 12:07:22,,,
Mod582,Elec cargo 582,0,0,Mod576,Elec cargo,10,0,Mod334,2016/04/26 09:43:25,5764.0,2016/04/26 11:19:29,,Mod604,
Mod630,Tests navigation 630,0,0,Mod625,Tests navigation,10,0,Mod334,2016/04/26 10:26:07,14089.0,2016/04/26 14:20:56,,Mod671,
Mod876,Underbelly 876,0,0,Mod873,Underbelly 873,0,0,Mod846,2016/04/26 12:02:24,9074.0,2016/04/26 14:33:38,,Mod874,
Mod593,Elec cargo 593,0,0,Mod576,Elec cargo,10,0,Mod334,2016/04/26 12:07:22,2258.0,2016/04/26 12:45:00,,Mod582,
Mod600,Elec cargo 600,0,0,Mod576,Elec cargo,10,0,Mod334,2016/04/26 12:45:00,11973.0,2016/04/26 16:04:33,,Mod592,
Mod447,Fuel 447,0,0,Mod441,Fuel 441,0,0,Mod406,2016/04/26 12:49:26,13549.0,2016/04/26 16:35:15,,"Mod450, Mod442, Mod448",
Mod446,Fuel 446,0,0,Mod441,Fuel 441,0,0,Mod406,2016/04/26 13:33:46,13549.0,2016/04/26 17:19:35,,"Mod450, Mod442, Mod448",
Mod614,Tests comunication 614,0,0,Mod613,Tests comunication,10,0,Mod334,2016/04/26 14:20:56,19212.0,2016/04/26 19:41:08,,Mod617,
Mod607,Elec cargo 607,0,0,Mod576,Elec cargo,10,0,Mod334,2016/04/26 16:04:33,1330.0,2016/04/26 16:26:43,,Mod825,
Mod598,Elec cargo 598,0,0,Mod576,Elec cargo,10,0,Mod334,2016/04/26 16:26:43,1330.0,2016/04/26 16:48:53,,Mod607,
Mod599,Elec cargo 599,0,0,Mod576,Elec cargo,10,0,Mod334,2016/04/26 16:48:53,2395.0,2016/04/26 17:28:48,,Mod607,
Mod602,Elec cargo 602,0,0,Mod576,Elec cargo,10,0,Mod334,2016/04/26 17:28:48,2927.0,2016/04/26 18:17:35,,Mod607,
Mod596,Elec cargo 596,0,0,Mod576,Elec cargo,10,0,Mod334,2016/04/26 18:17:35,3991.0,2016/04/26 19:24:06,,Mod607,
Mod413,Fuel 413,0,0,Mod412,Fuel 412,0,0,Mod406,2016/04/26 18:56:00,1191.0,2016/04/26 19:15:51,,"Mod800, Mod492",
Mod414,Fuel 414,0,0,Mod412,Fuel 412,0,0,Mod406,2016/04/26 18:56:00,1563.0,2016/04/26 19:22:03,,"Mod492, Mod806",
Mod487,Fuel 487,0,0,Mod406,Fuel,10,0,Mod334,2016/04/26 18:56:00,6775.0,2016/04/26 20:48:55,,"Mod436, Mod502, Mod475, Mod431, Mod492, Mod503, Mod471",
Mod683,hydraulics 683,0,0,Mod681,hydraulics 681,0,0,Mod674,2016/04/26 19:22:03,13796.0,2016/04/26 23:11:59,,,
Mod597,Elec cargo 597,0,0,Mod576,Elec cargo,10,0,Mod334,2016/04/26 19:24:06,4789.0,2016/04/26 20:43:55,,Mod607,
Mod624,Tests intruments 624,0,0,Mod622,Tests intruments,10,0,Mod334,2016/04/26 19:41:08,6084.0,2016/04/26 21:22:32,,"Mod671, Mod607",
Mod345,Ventilation/AC 345,0,0,Mod343,Ventilation/AC 343,0,0,Mod335,2016/04/26 19:41:08,22414.0,2016/04/27 01:54:42,,Mod671,
Mod488,Fuel 488,0,0,Mod406,Fuel,10,0,Mod334,2016/04/26 20:48:55,23546.0,2016/04/27 03:21:21,,Mod487,
Mod682,hydraulics 682,0,0,Mod681,hydraulics 681,0,0,Mod674,2016/04/26 21:38:52,2926.0,2016/04/26 22:27:38,,T684,
Mod789,Floor cargo 789,0,0,Mod770,Floor cargo,10,0,Mod334,2016/04/26 22:27:38,1717.0,2016/04/26 22:56:15,,"Mod923, Mod590, Mod352, Mod682, Mod940, Mod861",
Mod364,Ventilation/AC 364,0,0,Mod335,Ventilation/AC,10,0,Mod334,2016/04/26 22:27:38,2032.0,2016/04/26 23:01:30,,"Mod757, Mod857, Mod858, Mod369, Mod756, Mod349, Mod366, Mod943, Mod682",
Mod736,hydraulics 736,0,0,Mod674,hydraulics,10,0,Mod334,2016/04/26 22:27:38,5443.0,2016/04/26 23:58:21,,Mod682,
Mod777,Floor cargo 777,0,0,Mod770,Floor cargo,10,0,Mod334,2016/04/26 22:27:38,6798.0,2016/04/27 00:20:56,,,
Mod724,hydraulics 724,0,0,Mod674,hydraulics,10,0,Mod334,2016/04/26 22:58:41,9721.0,2016/04/27 01:40:42,,Mod682,
Mod788,Floor cargo 788,0,0,Mod770,Floor cargo,10,0,Mod334,2016/04/26 23:01:30,1717.0,2016/04/26 23:30:07,,"Mod351, Mod354, Mod364, Mod563, Mod356, Mod562, Mod783, Mod363, Mod921, Mod365",
Mod688,hydraulics 688,0,0,Mod681,hydraulics 681,0,0,Mod674,2016/04/27 00:56:11,13967.0,2016/04/27 04:48:58,,T687,
Mod741,hydraulics 741,0,0,Mod674,hydraulics,10,0,Mod334,2016/04/27 03:02:33,10563.0,2016/04/27 05:58:36,,Mod682,
Mod500,Fuel 500,0,0,Mod406,Fuel,10,0,Mod334,2016/04/27 04:42:19,1401.0,2016/04/27 05:05:40,,Mod492,
Mod479,Fuel 479,0,0,Mod406,Fuel,10,0,Mod334,2016/04/27 05:14:16,2788.0,2016/04/27 06:00:44,,"Mod412, Mod500",
Mod791,Floor cargo 791,0,0,Mod770,Floor cargo,10,0,Mod334,2016/04/27 07:30:00,1717.0,2016/04/27 07:58:37,,,
Mod780,Floor cargo 780,0,0,Mod770,Floor cargo,10,0,Mod334,2016/04/27 07:30:00,10049.0,2016/04/27 10:17:29,,"Mod564, Mod572, Mod784, Mod352, Mod830, Mod568, Mod561, Mod571, Mod789, Mod573, Mod785, Mod923, Mod575, Mod565, Mod569, Mod567, Mod560, Mod570, Mod566, Mod574",
Mod737,hydraulics 737,0,0,Mod674,hydraulics,10,0,Mod334,2016/04/27 07:30:00,16010.0,2016/04/27 11:56:50,,"Mod748, Mod688, Mod736",
Mod779,Floor cargo 779,0,0,Mod770,Floor cargo,10,0,Mod334,2016/04/27 07:58:37,19194.0,2016/04/27 13:18:31,,Mod607,
Mod689,hydraulics 689,0,0,Mod681,hydraulics 681,0,0,Mod674,2016/04/27 10:29:09,7184.0,2016/04/27 12:28:53,,Mod682,
Mod841,Test landing gear 841,0,0,Mod834,Instruments,10,0,Mod334,2016/04/27 11:56:50,17611.0,2016/04/27 16:50:21,,Mod688,
Mod477,Fuel 477,0,0,Mod406,Fuel,10,0,Mod334,2016/04/27 12:28:53,4606.0,2016/04/27 13:45:39,,Mod488,
Mod911,Underbelly 911,0,0,Mod846,Underbelly,10,0,Mod334,2016/04/27 13:45:39,5656.0,2016/04/27 15:19:55,,"Mod877, Mod682",
Mod711,hydraulics 711,0,0,Mod709,hydraulics 709,0,0,Mod674,2016/04/27 13:45:39,11345.0,2016/04/27 16:54:44,,"Mod712, Mod689",
Mod931,Underbelly 931,0,0,Mod846,Underbelly,10,0,Mod334,2016/04/27 15:19:55,113.0,2016/04/27 15:21:48,,"Mod926, Mod885, Mod883, Mod924, Mod881, Mod882, Mod911, Mod946, Mod938",
Mod897,Underbelly 897,0,0,Mod896,Underbelly 896,0,0,Mod846,2016/04/27 15:19:55,565.0,2016/04/27 15:29:20,,Mod911,
Mod918,Underbelly 918,0,0,Mod846,Underbelly,10,0,Mod334,2016/04/27 15:21:48,1129.0,2016/04/27 15:40:37,,Mod931,
Mod898,Underbelly 898,0,0,Mod896,Underbelly 896,0,0,Mod846,2016/04/27 15:29:20,565.0,2016/04/27 15:38:45,,Mod911,
Mod840,Test landing gear 840,0,0,Mod834,Instruments,10,0,Mod334,2016/04/27 16:50:21,19532.0,2016/04/27 22:15:53,,Mod688,
Mod887,Underbelly 887,0,0,Mod885,Underbelly 885,0,0,Mod846,2016/04/27 16:54:44,4460.0,2016/04/27 18:09:04,,Mod898,
Mod710,hydraulics 710,0,0,Mod709,hydraulics 709,0,0,Mod674,2016/04/27 16:54:44,9173.0,2016/04/27 19:27:37,,Mod711,
Mod786,Floor cargo 786,0,0,Mod770,Floor cargo,10,0,Mod334,2016/04/27 18:09:04,7649.0,2016/04/27 20:16:33,,Mod779,
Mod707,hydraulics 707,0,0,Mod705,hydraulics 705,0,0,Mod674,2016/04/27 19:27:37,11345.0,2016/04/27 22:36:42,,"Mod708, Mod689",
Mod524,Wings tests 524,0,0,Mod523,Wings tests 523,0,0,Mod522,2016/04/27 22:15:53,23582.0,2016/04/28 04:48:55,,"Mod526, Mod737, Mod682, Mod607, Mod840",
Mod706,hydraulics 706,0,0,Mod705,hydraulics 705,0,0,Mod674,2016/04/27 22:36:42,9173.0,2016/04/28 01:09:35,,Mod707,
Mod721,hydraulics 721,0,0,Mod719,hydraulics 719,0,0,Mod674,2016/04/28 01:09:35,17364.0,2016/04/28 05:58:59,,"Mod744, Mod706",
Mod652,Tests autopilot 652,0,0,Mod650,Tests autopilot,10,0,Mod334,2016/04/28 04:48:55,1601.0,2016/04/28 05:15:36,,,
Mod651,Tests autopilot 651,0,0,Mod650,Tests autopilot,10,0,Mod334,2016/04/28 04:48:55,3600.0,2016/04/28 05:48:55,,Mod524,
Mod848,Underbelly 848,0,0,Mod847,Underbelly 847,0,0,Mod846,2016/04/28 04:56:54,18065.0,2016/04/28 09:57:59,,,
Mod739,hydraulics 739,0,0,Mod674,hydraulics,10,0,Mod334,2016/04/28 05:48:55,2242.0,2016/04/28 06:26:17,,"Mod524, Mod738, Mod525",
Mod836,Test landing gear 836,0,0,Mod835,Test landing gear,0,0,Mod834,2016/04/28 06:26:17,12167.0,2016/04/28 09:49:04,,"Mod742, Mod841, Mod840",
Mod844,Test landing gear 844,0,0,Mod834,Instruments,10,0,Mod334,2016/04/28 09:49:04,1330.0,2016/04/28 10:11:14,,Mod836,
Mod850,Underbelly 850,0,0,Mod847,Underbelly 847,0,0,Mod846,2016/04/28 09:57:59,14038.0,2016/04/28 13:51:57,,Mod848,
Mod838,Test landing gear 838,0,0,Mod834,Instruments,10,0,Mod334,2016/04/28 10:41:16,6786.0,2016/04/28 12:34:22,,"Mod836, Mod837",
Mod725,hydraulics 725,0,0,Mod674,hydraulics,10,0,Mod334,2016/04/28 12:34:22,5656.0,2016/04/28 14:08:38,,"Mod753, Mod845, Mod754, Mod739, Mod838, Mod724, Mod741",
Mod720,hydraulics 720,0,0,Mod719,hydraulics 719,0,0,Mod674,2016/04/28 14:08:38,17364.0,2016/04/28 18:58:02,,"Mod743, Mod710",
Mod727,hydraulics 727,0,0,Mod674,hydraulics,10,0,Mod334,2016/04/28 17:55:57,2414.0,2016/04/28 18:36:11,,,
Mod740,hydraulics 740,0,0,Mod674,hydraulics,10,0,Mod334,2016/04/28 17:55:57,4828.0,2016/04/28 19:16:25,,"Mod845, Mod463, Mod838, Mod725",
