Id,Long Name,Fixed Duration Sec,Module,Transition State,Breaks Calendar,Is Optional,Unperformed Penalty Cost,super module,super 2 module
T1973,Tsk 1973 M606-T1,9145,Mod606,Mod334,Lunch break,1,10000,Mod576,Mod334
T2184,Tsk 2184 M468-T3,2518,Mod468,Mod406,Lunch break,1,10000,Mod466,Mod406
T2280,Tsk 2280 M946-T1,6775,Mod946,Mod334,Lunch break,1,10000,Mod846,Mod334
T1781,Tsk 1781 M876-T2,2822,Mod876,Mod846,Lunch break,1,10000,Mod873,Mod846
T1935,Tsk 1935 M881-T1,4742,Mod881,Mod846,Lunch break,1,10000,Mod880,Mod846
T2154,Tsk 2154 M438-T1,3386,Mod438,Mod406,Lunch break,1,10000,Mod436,Mod406
T1901,Tsk 1901 M715-T1,2414,Mod715,Mod674,Lunch break,1,10000,Mod713,Mod674
T799,Tsk 799 M798-T1,1238,Mod798,Mod334,Lunch break,1,10000,Mod795,Mod334
T817,Tsk 817 M816-T1,2277,Mod816,Mod334,Lunch break,1,10000,Mod795,Mod334
T1743,Tsk 1743 M761-T2,6300,Mod761,Mod334,Lunch break,1,10000,Mod760,Mod334
T2077,Tsk 2077 M509-T1,6210,Mod509,Mod334,Lunch break,1,10000,Mod406,Mod334
T1765,Tsk 1765 M731-T3,226,Mod731,Mod334,Lunch break,1,10000,Mod674,Mod334
T2313,Tsk 2313 M745-T1,2258,Mod745,Mod334,Lunch break,1,10000,Mod674,Mod334
T2255,Tsk 2255 M365-T1,2484,Mod365,Mod334,Lunch break,1,10000,Mod335,Mod334
T1764,Tsk 1764 M710-T2,4466,Mod710,Mod674,Lunch break,1,10000,Mod709,Mod674
T2138,Tsk 2138 M830-T1,1580,Mod830,Mod334,Lunch break,1,10000,Mod828,Mod334
T2013,Tsk 2013 M498-T2,3946,Mod498,Mod334,,1,10000,Mod406,Mod334
T2262,Tsk 2262 M396-T1,532,Mod396,Mod334,,1,10000,Mod370,Mod334
T1949,Tsk 1949 M1948-T1,3161,Mod1948,Mod334,,1,10000,Mod1715,Mod334
T2159,Tsk 2159 M516-T2,2,Mod516,Mod334,,1,10000,Mod406,Mod334
T2123,Tsk 2123 M766-T1,903,Mod766,Mod334,,1,10000,Mod763,Mod334
T1795,Tsk 1795 M581-T1,6775,Mod581,Mod334,,1,10000,Mod576,Mod334
T686,Tsk 686 M683-T3,4789,Mod683,Mod674,,1,10000,Mod681,Mod674
T2197,Tsk 2197 M728-T1,4516,Mod728,Mod334,,1,10000,Mod674,Mod334
T2226,Tsk 2226 M887-T1,4460,Mod887,Mod846,,1,10000,Mod885,Mod846
T2076,Tsk 2076 M509-T2,23,Mod509,Mod334,,1,10000,Mod406,Mod334
T2281,Tsk 2281 M925-T1,1129,Mod925,Mod334,,1,10000,Mod846,Mod334
T2194,Tsk 2194 M722-T1,1330,Mod722,Mod334,,1,10000,Mod674,Mod334
T2117,Tsk 2117 M931-T1,113,Mod931,Mod334,,1,10000,Mod846,Mod334
T1740,Tsk 1740 M748-T1,1985,Mod748,Mod334,,1,10000,Mod674,Mod334
T2172,Tsk 2172 M676-T1,7000,Mod676,Mod674,,1,10000,Mod675,Mod674
T1700,Tsk 1700 M940-T1,15807,Mod940,Mod334,,1,10000,Mod846,Mod334
T2248,Tsk 2248 M2246-T1,6210,Mod2246,Mod334,,1,10000,Mod1715,Mod334
T2292,Tsk 2292 M506-T1,5321,Mod506,Mod334,,1,10000,Mod406,Mod334
T1766,Tsk 1766 M731-T1,2129,Mod731,Mod334,,1,10000,Mod674,Mod334
T1769,Tsk 1769 M788-T1,1694,Mod788,Mod334,,1,10000,Mod770,Mod334
T2042,Tsk 2042 M879-T3,1064,Mod879,Mod846,,1,10000,Mod877,Mod846
T1877,Tsk 1877 M688-T2,665,Mod688,Mod674,,1,10000,Mod681,Mod674
T815,Tsk 815 M814-T1,280,Mod814,Mod334,,1,10000,Mod795,Mod334
T2299,Tsk 2299 M604-T1,3725,Mod604,Mod334,,1,10000,Mod576,Mod334
T2217,Tsk 2217 M913-T1,1129,Mod913,Mod334,,1,10000,Mod846,Mod334
T1870,Tsk 1870 M688-T1,2660,Mod688,Mod674,,1,10000,Mod681,Mod674
T1972,Tsk 1972 M606-T2,226,Mod606,Mod334,,1,10000,Mod576,Mod334
T1930,Tsk 1930 M937-T5,266,Mod937,Mod334,,1,10000,Mod846,Mod334
T533,Tsk 533 M532-T1,0,Mod532,Mod334,,1,10000,Mod531,Mod334
T1763,Tsk 1763 M710-T3,4707,Mod710,Mod674,,1,10000,Mod709,Mod674
T2213,Tsk 2213 M729-T2,2927,Mod729,Mod334,,1,10000,Mod674,Mod334
T449,Tsk 449 M448-T1,9032,Mod448,Mod406,,1,10000,Mod441,Mod406
T2190,Tsk 2190 M868-T3,665,Mod868,Mod846,,1,10000,Mod867,Mod846
T1994,Tsk 1994 M384-T3,1996,Mod384,Mod370,,1,10000,Mod382,Mod370
T2096,Tsk 2096 M453-T2,1897,Mod453,Mod406,,1,10000,Mod451,Mod406
T2025,Tsk 2025 M658-T1,14729,Mod658,Mod334,,1,10000,Mod656,Mod334
T2033,Tsk 2033 M486-T2,11,Mod486,Mod334,,1,10000,Mod406,Mod334
T2116,Tsk 2116 M747-T1,4670,Mod747,Mod334,,1,10000,Mod674,Mod334
T2268,Tsk 2268 M447-T1,13549,Mod447,Mod406,,1,10000,Mod441,Mod406
T2165,Tsk 2165 M505-T2,2660,Mod505,Mod334,,1,10000,Mod406,Mod334
T1810,Tsk 1810 M395-T5,1330,Mod395,Mod334,,1,10000,Mod370,Mod334
T2088,Tsk 2088 M668-T1,5443,Mod668,Mod334,,1,10000,Mod665,Mod334
T2137,Tsk 2137 M567-T1,3161,Mod567,Mod334,,1,10000,Mod558,Mod334
T2122,Tsk 2122 M344-T2,6404,Mod344,Mod335,,1,10000,Mod343,Mod335
T790,Tsk 790 M789-T1,1694,Mod789,Mod334,,1,10000,Mod770,Mod334
T2011,Tsk 2011 M750-T1,1807,Mod750,Mod334,,1,10000,Mod674,Mod334
T1986,Tsk 1986 M908-T1,1366,Mod908,Mod846,,1,10000,Mod907,Mod846
T2021,Tsk 2021 M779-T2,10162,Mod779,Mod334,,1,10000,Mod770,Mod334
T2090,Tsk 2090 M565-T1,1355,Mod565,Mod334,,1,10000,Mod558,Mod334
T1697,Tsk 1697 M578-T2,11,Mod578,Mod334,,1,10000,Mod576,Mod334
T2309,Tsk 2309 M915-T1,2258,Mod915,Mod334,,1,10000,Mod846,Mod334
T2081,Tsk 2081 M390-T1,1355,Mod390,Mod370,,1,10000,Mod388,Mod370
T2075,Tsk 2075 M2073-T1,3600,Mod2073,Mod334,,1,10000,Mod1715,Mod334
T2218,Tsk 2218 M570-T1,1064,Mod570,Mod334,,1,10000,Mod558,Mod334
T1705,Tsk 1705 M403-T2,9286,Mod403,Mod334,,1,10000,Mod402,Mod334
T1837,Tsk 1837 M500-T1,1401,Mod500,Mod334,,1,10000,Mod406,Mod334
T1835,Tsk 1835 M932-T1,1129,Mod932,Mod334,,1,10000,Mod846,Mod334
T2030,Tsk 2030 M773-T3,266,Mod773,Mod770,,1,10000,Mod771,Mod770
T1730,Tsk 1730 M620-T1,2242,Mod620,Mod334,,1,10000,Mod619,Mod334
T2128,Tsk 2128 M493-T4,1921,Mod493,Mod334,,1,10000,Mod406,Mod334
T2228,Tsk 2228 M414-T4,350,Mod414,Mod406,,1,10000,Mod412,Mod406
T2180,Tsk 2180 M872-T2,2660,Mod872,Mod846,,1,10000,Mod870,Mod846
T2118,Tsk 2118 M757-T2,798,Mod757,Mod334,,1,10000,Mod755,Mod334
T1768,Tsk 1768 M594-T1,1807,Mod594,Mod334,,1,10000,Mod576,Mod334
T2060,Tsk 2060 M532-T2,4629,Mod532,Mod334,,1,10000,Mod531,Mod334
T1770,Tsk 1770 M788-T2,23,Mod788,Mod334,,1,10000,Mod770,Mod334
T537,Tsk 537 M536-T1,3387,Mod536,Mod334,,1,10000,Mod531,Mod334
T1778,Tsk 1778 M393-T1,3842,Mod393,Mod334,,1,10000,Mod370,Mod334
T1854,Tsk 1854 M920-T1,2822,Mod920,Mod334,,1,10000,Mod846,Mod334
T2029,Tsk 2029 M773-T1,1807,Mod773,Mod770,,1,10000,Mod771,Mod770
T2028,Tsk 2028 M682-T1,1330,Mod682,Mod674,,1,10000,Mod681,Mod674
T2295,Tsk 2295 M610-T1,2484,Mod610,Mod334,,1,10000,Mod576,Mod334
T2133,Tsk 2133 M573-T1,3193,Mod573,Mod334,,1,10000,Mod558,Mod334
T1825,Tsk 1825 M409-T1,1168,Mod409,Mod406,,1,10000,Mod407,Mod406
T849,Tsk 849 M848-T1,18065,Mod848,Mod846,,1,10000,Mod847,Mod846
T2247,Tsk 2247 M2246-T2,23,Mod2246,Mod334,,1,10000,Mod1715,Mod334
T1826,Tsk 1826 M409-T2,26,Mod409,Mod406,,1,10000,Mod407,Mod406
T2067,Tsk 2067 M376-T1,1250,Mod376,Mod370,,1,10000,Mod374,Mod370
T1996,Tsk 1996 M384-T1,2032,Mod384,Mod370,,1,10000,Mod382,Mod370
T2127,Tsk 2127 M493-T1,2882,Mod493,Mod334,,1,10000,Mod406,Mod334
T2258,Tsk 2258 M529-T1,11516,Mod529,Mod334,,1,10000,Mod528,Mod334
T1906,Tsk 1906 M833-T1,4257,Mod833,Mod334,,1,10000,Mod831,Mod334
T1799,Tsk 1799 M737-T2,16010,Mod737,Mod334,,1,10000,Mod674,Mod334
T2148,Tsk 2148 M359-T1,11291,Mod359,Mod334,,1,10000,Mod335,Mod334
T2048,Tsk 2048 M471-T3,3086,Mod471,Mod406,,1,10000,Mod469,Mod406
T884,Tsk 884 M883-T1,3161,Mod883,Mod846,,1,10000,Mod880,Mod846
T1713,Tsk 1713 M954-T1,1330,Mod954,Mod948,,1,10000,Mod952,Mod948
T781,Tsk 781 M780-T1,4516,Mod780,Mod334,,1,10000,Mod770,Mod334
T2260,Tsk 2260 M396-T5,1330,Mod396,Mod334,,1,10000,Mod370,Mod334
T1729,Tsk 1729 M615-T1,2882,Mod615,Mod334,,1,10000,Mod613,Mod334
T2199,Tsk 2199 M655-T2,2242,Mod655,Mod334,,1,10000,Mod653,Mod334
T1911,Tsk 1911 M434-T2,6772,Mod434,Mod406,,1,10000,Mod431,Mod406
T2102,Tsk 2102 M491-T1,8966,Mod491,Mod334,,1,10000,Mod406,Mod334
T2016,Tsk 2016 M706-T2,4466,Mod706,Mod674,,1,10000,Mod705,Mod674
T1761,Tsk 1761 M723-T1,3387,Mod723,Mod334,,1,10000,Mod674,Mod334
T2086,Tsk 2086 M679-T3,1129,Mod679,Mod674,,1,10000,Mod678,Mod674
T813,Tsk 813 M812-T1,3199,Mod812,Mod334,,1,10000,Mod795,Mod334
T2140,Tsk 2140 M496-T2,1601,Mod496,Mod334,,1,10000,Mod406,Mod334
T1861,Tsk 1861 M569-T1,5587,Mod569,Mod334,,1,10000,Mod558,Mod334
T1696,Tsk 1696 M865-T3,399,Mod865,Mod846,,1,10000,Mod862,Mod846
T1907,Tsk 1907 M440-T1,747,Mod440,Mod406,,1,10000,Mod436,Mod406
T2131,Tsk 2131 M494-T2b,2242,Mod494,Mod334,,1,10000,Mod406,Mod334
T684,Tsk 684 M683-T1,1862,Mod683,Mod674,,1,10000,Mod681,Mod674
T2250,Tsk 2250 M909-T3,266,Mod909,Mod846,,1,10000,Mod907,Mod846
T2135,Tsk 2135 M704-T2,798,Mod704,Mod674,,1,10000,Mod702,Mod674
T2010,Tsk 2010 M860-T1,9823,Mod860,Mod846,,1,10000,Mod859,Mod846
T2207,Tsk 2207 M2206-T1,8129,Mod2206,Mod334,,1,10000,Mod1715,Mod334
T2097,Tsk 2097 M861-T2,1597,Mod861,Mod846,,1,10000,Mod859,Mod846
T935,Tsk 935 M934-T1,226,Mod934,Mod334,,1,10000,Mod846,Mod334
T1701,Tsk 1701 M940-T3,665,Mod940,Mod334,,1,10000,Mod846,Mod334
T2151,Tsk 2151 M941-T1,1129,Mod941,Mod334,,1,10000,Mod846,Mod334
T1886,Tsk 1886 M741-T2,2660,Mod741,Mod334,,1,10000,Mod674,Mod334
T1779,Tsk 1779 M585-T1,4516,Mod585,Mod334,,1,10000,Mod576,Mod334
T367,Tsk 367 M366-T1,1694,Mod366,Mod334,,1,10000,Mod335,Mod334
T1809,Tsk 1809 M475-T3,3086,Mod475,Mod406,,1,10000,Mod473,Mod406
T535,Tsk 535 M534-T1,1330,Mod534,Mod334,,1,10000,Mod531,Mod334
T1856,Tsk 1856 M912-T2,11,Mod912,Mod334,,1,10000,Mod846,Mod334
T2240,Tsk 2240 M858-T1,2288,Mod858,Mod846,,1,10000,Mod856,Mod846
T1916,Tsk 1916 M827-T3,32981,Mod827,Mod334,,1,10000,Mod826,Mod334
T1733,Tsk 1733 M556-T2,9606,Mod556,Mod334,,1,10000,Mod554,Mod334
T1783,Tsk 1783 M876-T5,2927,Mod876,Mod846,,1,10000,Mod873,Mod846
T2034,Tsk 2034 M614-T2,19212,Mod614,Mod334,,1,10000,Mod613,Mod334
T1847,Tsk 1847 M527-T1,5443,Mod527,Mod334,,1,10000,Mod522,Mod334
T2236,Tsk 2236 M408-T2,26,Mod408,Mod406,,1,10000,Mod407,Mod406
T2296,Tsk 2296 M610-T2,26,Mod610,Mod334,,1,10000,Mod576,Mod334
T1992,Tsk 1992 M882-T1,4742,Mod882,Mod846,,1,10000,Mod880,Mod846
T1977,Tsk 1977 M423-T2,3202,Mod423,Mod406,,1,10000,Mod418,Mod406
T2265,Tsk 2265 M746-T1,9341,Mod746,Mod334,,1,10000,Mod674,Mod334
T1979,Tsk 1979 M878-T3,1064,Mod878,Mod846,,1,10000,Mod877,Mod846
T2176,Tsk 2176 M2175-T1,565,Mod2175,Mod334,,1,10000,Mod1715,Mod334
T2193,Tsk 2193 M722-T6,1601,Mod722,Mod334,,1,10000,Mod674,Mod334
T1714,Tsk 1714 M568-T1,1807,Mod568,Mod334,,1,10000,Mod558,Mod334
T1864,Tsk 1864 M477-T1,4595,Mod477,Mod334,,1,10000,Mod406,Mod334
T944,Tsk 944 M943-T1,2258,Mod943,Mod334,,1,10000,Mod846,Mod334
T2300,Tsk 2300 M825-T1,1129,Mod825,Mod334,,1,10000,Mod824,Mod334
T1960,Tsk 1960 M871-T1,2258,Mod871,Mod846,,1,10000,Mod870,Mod846
T1758,Tsk 1758 M945-T2,23,Mod945,Mod334,,1,10000,Mod846,Mod334
T1922,Tsk 1922 M372-T1,532,Mod372,Mod370,,1,10000,Mod371,Mod370
T1883,Tsk 1883 M734-T2,1601,Mod734,Mod334,,1,10000,Mod674,Mod334
T2242,Tsk 2242 M442-T2,11,Mod442,Mod406,,1,10000,Mod441,Mod406
T2187,Tsk 2187 M339-T2,2882,Mod339,Mod335,,1,10000,Mod336,Mod335
T1772,Tsk 1772 M410-T2,26,Mod410,Mod406,,1,10000,Mod407,Mod406
T2196,Tsk 2196 M722-T3,3459,Mod722,Mod334,,1,10000,Mod674,Mod334
T1946,Tsk 1946 M721-T1,13639,Mod721,Mod674,,1,10000,Mod719,Mod674
T2006,Tsk 2006 M749-T1,1634,Mod749,Mod334,,1,10000,Mod674,Mod334
T2232,Tsk 2232 M947-T2,2,Mod947,Mod334,,1,10000,Mod846,Mod334
T1959,Tsk 1959 M871-T2,2660,Mod871,Mod846,,1,10000,Mod870,Mod846
T2195,Tsk 2195 M722-T2,798,Mod722,Mod334,,1,10000,Mod674,Mod334
T1875,Tsk 1875 M688-T7,1330,Mod688,Mod674,,1,10000,Mod681,Mod674
T2267,Tsk 2267 M2266-T1,565,Mod2266,Mod334,,1,10000,Mod1715,Mod334
T2147,Tsk 2147 M627-T2,9926,Mod627,Mod334,,1,10000,Mod625,Mod334
T2167,Tsk 2167 M422-T2,7364,Mod422,Mod406,,1,10000,Mod418,Mod406
T2171,Tsk 2171 M490-T1,26340,Mod490,Mod334,,1,10000,Mod406,Mod334
T2124,Tsk 2124 M512-T2,2,Mod512,Mod334,,1,10000,Mod406,Mod334
T2087,Tsk 2087 M363-T1,2032,Mod363,Mod334,,1,10000,Mod335,Mod334
T2297,Tsk 2297 M584-T1,4516,Mod584,Mod334,,1,10000,Mod576,Mod334
T2253,Tsk 2253 M467-T2,4991,Mod467,Mod406,,1,10000,Mod466,Mod406
T1928,Tsk 1928 M937-T4,532,Mod937,Mod334,,1,10000,Mod846,Mod334
T2005,Tsk 2005 M717-T1,4586,Mod717,Mod674,,1,10000,Mod716,Mod674
T2023,Tsk 2023 M889-T1,1129,Mod889,Mod846,,1,10000,Mod885,Mod846
T1755,Tsk 1755 M590-T2,532,Mod590,Mod334,,1,10000,Mod576,Mod334
T1865,Tsk 1865 M366-T2,23,Mod366,Mod334,,1,10000,Mod335,Mod334
T1712,Tsk 1712 M844-T3,1330,Mod844,Mod334,,1,10000,Mod834,Mod334
T1806,Tsk 1806 M487-T3,565,Mod487,Mod334,,1,10000,Mod406,Mod334
T2059,Tsk 2059 M397-T2,1807,Mod397,Mod334,,1,10000,Mod370,Mod334
T1759,Tsk 1759 M348-T2,14409,Mod348,Mod335,,1,10000,Mod343,Mod335
T2101,Tsk 2101 M491-T3,8485,Mod491,Mod334,,1,10000,Mod406,Mod334
T1751,Tsk 1751 M383-T3,1729,Mod383,Mod370,,1,10000,Mod382,Mod370
T2189,Tsk 2189 M868-T1,2145,Mod868,Mod846,,1,10000,Mod867,Mod846
T2125,Tsk 2125 M780-T2,5533,Mod780,Mod334,,1,10000,Mod770,Mod334
T1813,Tsk 1813 M395-T3,3725,Mod395,Mod334,,1,10000,Mod370,Mod334
T1888,Tsk 1888 M541-T2,4855,Mod541,Mod334,,1,10000,Mod538,Mod334
T2044,Tsk 2044 M405-T1,1064,Mod405,Mod334,,1,10000,Mod402,Mod334
T1807,Tsk 1807 M487-T1b,1129,Mod487,Mod334,,1,10000,Mod406,Mod334
T1844,Tsk 1844 M360-T1,677,Mod360,Mod334,,1,10000,Mod335,Mod334
T1752,Tsk 1752 M383-T4,1996,Mod383,Mod370,,1,10000,Mod382,Mod370
T2315,Tsk 2315 M589-T2,23,Mod589,Mod334,,1,10000,Mod576,Mod334
T797,Tsk 797 M796-T1,2149,Mod796,Mod334,,1,10000,Mod795,Mod334
T1963,Tsk 1963 M905-T3,798,Mod905,Mod846,,1,10000,Mod904,Mod846
T1881,Tsk 1881 M566-T1,2032,Mod566,Mod334,,1,10000,Mod558,Mod334
T2121,Tsk 2121 M514-T2,2,Mod514,Mod334,,1,10000,Mod406,Mod334
T2106,Tsk 2106 M539-T1,1749,Mod539,Mod334,,1,10000,Mod538,Mod334
T2318,Tsk 2318 M489-T2,1168,Mod489,Mod334,,1,10000,Mod406,Mod334
T1842,Tsk 1842 M446-T1,13549,Mod446,Mod406,,1,10000,Mod441,Mod406
T1945,Tsk 1945 M721-T2,3725,Mod721,Mod674,,1,10000,Mod719,Mod674
T1849,Tsk 1849 M430-T1,5854,Mod430,Mod406,,1,10000,Mod426,Mod406
T2221,Tsk 2221 M439-T2,2102,Mod439,Mod406,,1,10000,Mod436,Mod406
T2230,Tsk 2230 M414-T3,11,Mod414,Mod406,,1,10000,Mod412,Mod406
T2062,Tsk 2062 M726-T1,226,Mod726,Mod334,,1,10000,Mod674,Mod334
T2079,Tsk 2079 M2078-T1,6210,Mod2078,Mod334,,1,10000,Mod1715,Mod334
T1735,Tsk 1735 M689-T2,798,Mod689,Mod674,,1,10000,Mod681,Mod674
T2286,Tsk 2286 M456-T2,1064,Mod456,Mod406,,1,10000,Mod454,Mod406
T2061,Tsk 2061 M532-T3,4629,Mod532,Mod334,,1,10000,Mod531,Mod334
T1773,Tsk 1773 M410-T3,266,Mod410,Mod406,,1,10000,Mod407,Mod406
T1859,Tsk 1859 M1858-T1,1242,Mod1858,Mod334,,1,10000,Mod1715,Mod334
T1952,Tsk 1952 M671-T3,9606,Mod671,Mod334,,1,10000,Mod669,Mod334
T1796,Tsk 1796 M756-T1,4516,Mod756,Mod334,,1,10000,Mod755,Mod334
T2009,Tsk 2009 M860-T2,3459,Mod860,Mod846,,1,10000,Mod859,Mod846
T1990,Tsk 1990 M786-T1,4855,Mod786,Mod334,,1,10000,Mod770,Mod334
T2115,Tsk 2115 M677-T3,798,Mod677,Mod674,,1,10000,Mod675,Mod674
T1747,Tsk 1747 M373-T2,6775,Mod373,Mod370,,1,10000,Mod371,Mod370
T1836,Tsk 1836 M499-T2,319,Mod499,Mod334,,1,10000,Mod406,Mod334
T1956,Tsk 1956 M895-T1,3613,Mod895,Mod846,,1,10000,Mod893,Mod846
T515,Tsk 515 M514-T1,6775,Mod514,Mod334,,1,10000,Mod406,Mod334
T2108,Tsk 2108 M2107-T2,23,Mod2107,Mod334,,1,10000,Mod1715,Mod334
T1840,Tsk 1840 M794-T2,4855,Mod794,Mod334,,1,10000,Mod793,Mod334
T2051,Tsk 2051 M842-T2,2561,Mod842,Mod334,,1,10000,Mod834,Mod334
T1736,Tsk 1736 M689-T1,6386,Mod689,Mod674,,1,10000,Mod681,Mod674
T1951,Tsk 1951 M337-T2,1601,Mod337,Mod335,,1,10000,Mod336,Mod335
T1943,Tsk 1943 M906-T1,5645,Mod906,Mod846,,1,10000,Mod904,Mod846
T460,Tsk 460 M459-T1,2484,Mod459,Mod406,,1,10000,Mod458,Mod406
T2225,Tsk 2225 M933-T1,1242,Mod933,Mod334,,1,10000,Mod846,Mod334
T1834,Tsk 1834 M547-T3,1597,Mod547,Mod334,,1,10000,Mod538,Mod334
T1819,Tsk 1819 M950-T2,1399,Mod950,Mod948,,1,10000,Mod949,Mod948
T1985,Tsk 1985 M956-T2,6300,Mod956,Mod334,,1,10000,Mod948,Mod334
T2099,Tsk 2099 M861-T3,931,Mod861,Mod846,,1,10000,Mod859,Mod846
T2288,Tsk 2288 M465-T1,4403,Mod465,Mod406,,1,10000,Mod463,Mod406
T2235,Tsk 2235 M408-T1,1168,Mod408,Mod406,,1,10000,Mod407,Mod406
T2192,Tsk 2192 M722-T4,2660,Mod722,Mod334,,1,10000,Mod674,Mod334
T823,Tsk 823 M822-T1,934,Mod822,Mod334,,1,10000,Mod795,Mod334
T2307,Tsk 2307 M911-T2,11,Mod911,Mod334,,1,10000,Mod846,Mod334
T2136,Tsk 2136 M704-T1,2348,Mod704,Mod674,,1,10000,Mod702,Mod674
T2314,Tsk 2314 M589-T1,5194,Mod589,Mod334,,1,10000,Mod576,Mod334
T2058,Tsk 2058 M551-T1,8647,Mod551,Mod334,,1,10000,Mod550,Mod334
T2095,Tsk 2095 M552-T1,9032,Mod552,Mod334,,1,10000,Mod550,Mod334
T687,Tsk 687 M683-T4,798,Mod683,Mod674,,1,10000,Mod681,Mod674
T2257,Tsk 2257 M593-T1,2258,Mod593,Mod334,,1,10000,Mod576,Mod334
T1821,Tsk 1821 M400-T1,1129,Mod400,Mod334,,1,10000,Mod370,Mod334
T2241,Tsk 2241 M858-T2,266,Mod858,Mod846,,1,10000,Mod856,Mod846
T2305,Tsk 2305 M586-T1,9710,Mod586,Mod334,,1,10000,Mod576,Mod334
T1698,Tsk 1698 M578-T1,5081,Mod578,Mod334,,1,10000,Mod576,Mod334
T2157,Tsk 2157 M583-T1,4516,Mod583,Mod334,,1,10000,Mod576,Mod334
T1741,Tsk 1741 M545-T1,4064,Mod545,Mod334,,1,10000,Mod538,Mod334
T1879,Tsk 1879 M660-T2,2882,Mod660,Mod334,,1,10000,Mod659,Mod334
T2039,Tsk 2039 M543-T1,874,Mod543,Mod334,,1,10000,Mod538,Mod334
T1880,Tsk 1880 M712-T1,483,Mod712,Mod674,,1,10000,Mod709,Mod674
T1904,Tsk 1904 M347-T1,961,Mod347,Mod335,,1,10000,Mod343,Mod335
T2130,Tsk 2130 M494-T2,3842,Mod494,Mod334,,1,10000,Mod406,Mod334
T2210,Tsk 2210 M591-T1,7516,Mod591,Mod334,,1,10000,Mod576,Mod334
T1760,Tsk 1760 M723-T2,11,Mod723,Mod334,,1,10000,Mod674,Mod334
T1874,Tsk 1874 M688-T8,399,Mod688,Mod674,,1,10000,Mod681,Mod674
T1900,Tsk 1900 M562-T1,1807,Mod562,Mod334,,1,10000,Mod558,Mod334
T2272,Tsk 2272 M444-T2,903,Mod444,Mod406,,1,10000,Mod441,Mod406
T1934,Tsk 1934 M891-T1,2145,Mod891,Mod846,,1,10000,Mod890,Mod846
T1839,Tsk 1839 M928-T1,1129,Mod928,Mod334,,1,10000,Mod846,Mod334
T1699,Tsk 1699 M940-T2,532,Mod940,Mod334,,1,10000,Mod846,Mod334
T2264,Tsk 2264 M587-T1,5645,Mod587,Mod334,,1,10000,Mod576,Mod334
T2072,Tsk 2072 M923-T2,12194,Mod923,Mod334,,1,10000,Mod846,Mod334
T513,Tsk 513 M512-T1,6775,Mod512,Mod334,,1,10000,Mod406,Mod334
T809,Tsk 809 M808-T1,5479,Mod808,Mod334,,1,10000,Mod795,Mod334
T1981,Tsk 1981 M878-T1,14452,Mod878,Mod846,,1,10000,Mod877,Mod846
T2186,Tsk 2186 M478-T2,11,Mod478,Mod334,,1,10000,Mod406,Mod334
T1838,Tsk 1838 M657-T1,10643,Mod657,Mod334,,1,10000,Mod656,Mod334
T2293,Tsk 2293 M557-T2,2242,Mod557,Mod334,,1,10000,Mod554,Mod334
T1727,Tsk 1727 M724-T1,9710,Mod724,Mod334,,1,10000,Mod674,Mod334
T1984,Tsk 1984 M956-T1,3387,Mod956,Mod334,,1,10000,Mod948,Mod334
T2020,Tsk 2020 M484-T2,11,Mod484,Mod334,,1,10000,Mod406,Mod334
T1707,Tsk 1707 M869-T1,2145,Mod869,Mod846,,1,10000,Mod867,Mod846
T2179,Tsk 2179 M777-T2,23,Mod777,Mod334,,1,10000,Mod770,Mod334
T1898,Tsk 1898 M922-T1,1694,Mod922,Mod334,,1,10000,Mod846,Mod334
T1920,Tsk 1920 M598-T1,1330,Mod598,Mod334,,1,10000,Mod576,Mod334
T1908,Tsk 1908 M698-T2,1807,Mod698,Mod674,,1,10000,Mod696,Mod674
T2170,Tsk 2170 M602-T1,2927,Mod602,Mod334,,1,10000,Mod576,Mod334
T2068,Tsk 2068 M733-T1,3387,Mod733,Mod334,,1,10000,Mod674,Mod334
T1722,Tsk 1722 M929-T1,8016,Mod929,Mod334,,1,10000,Mod846,Mod334
T2173,Tsk 2173 M676-T3,798,Mod676,Mod674,,1,10000,Mod675,Mod674
T2139,Tsk 2139 M603-T1,1330,Mod603,Mod334,,1,10000,Mod576,Mod334
T1902,Tsk 1902 M524-T4,22414,Mod524,Mod522,,1,10000,Mod523,Mod522
T1823,Tsk 1823 M1822-T1,3387,Mod1822,Mod334,,1,10000,Mod1715,Mod334
T2093,Tsk 2093 M492-T3,12008,Mod492,Mod334,,1,10000,Mod406,Mod334
T1899,Tsk 1899 M628-T2,6404,Mod628,Mod334,,1,10000,Mod625,Mod334
T1767,Tsk 1767 M731-T2,4291,Mod731,Mod334,,1,10000,Mod674,Mod334
T2291,Tsk 2291 M420-T3,2561,Mod420,Mod406,,1,10000,Mod418,Mod406
T1694,Tsk 1694 M936-T3,133,Mod936,Mod334,,1,10000,Mod846,Mod334
T2049,Tsk 2049 M471-T2,3445,Mod471,Mod406,,1,10000,Mod469,Mod406
T1896,Tsk 1896 M838-T2,11,Mod838,Mod334,,1,10000,Mod834,Mod334
T1925,Tsk 1925 M372-T2,6775,Mod372,Mod370,,1,10000,Mod371,Mod370
T462,Tsk 462 M461-T1,2484,Mod461,Mod406,,1,10000,Mod458,Mod406
T2219,Tsk 2219 M626-T2,6404,Mod626,Mod334,,1,10000,Mod625,Mod334
T1868,Tsk 1868 M611-T1,4968,Mod611,Mod334,,1,10000,Mod576,Mod334
T1974,Tsk 1974 M411-T2,26,Mod411,Mod406,,1,10000,Mod407,Mod406
T2234,Tsk 2234 M791-T2,23,Mod791,Mod334,,1,10000,Mod770,Mod334
T819,Tsk 819 M818-T1,6071,Mod818,Mod334,,1,10000,Mod795,Mod334
T1895,Tsk 1895 M838-T1,6775,Mod838,Mod334,,1,10000,Mod834,Mod334
T2204,Tsk 2204 M399-T1,1129,Mod399,Mod334,,1,10000,Mod370,Mod334
T1792,Tsk 1792 M744-T3,565,Mod744,Mod334,,1,10000,Mod674,Mod334
T1726,Tsk 1726 M738-T1b,2660,Mod738,Mod334,,1,10000,Mod674,Mod334
T608,Tsk 608 M607-T1,1330,Mod607,Mod334,,1,10000,Mod576,Mod334
T1953,Tsk 1953 M670-T2,8966,Mod670,Mod334,,1,10000,Mod669,Mod334
T2150,Tsk 2150 M926-T2,798,Mod926,Mod334,,1,10000,Mod846,Mod334
T1958,Tsk 1958 M871-T3,931,Mod871,Mod846,,1,10000,Mod870,Mod846
T2259,Tsk 2259 M396-T4,36130,Mod396,Mod334,,1,10000,Mod370,Mod334
T2055,Tsk 2055 M361-T1,2258,Mod361,Mod334,,1,10000,Mod335,Mod334
T2185,Tsk 2185 M478-T1,9597,Mod478,Mod334,,1,10000,Mod406,Mod334
T2132,Tsk 2132 M470-T1,2849,Mod470,Mod406,,1,10000,Mod469,Mod406
T1846,Tsk 1846 M582-T2,5764,Mod582,Mod334,,1,10000,Mod576,Mod334
T1824,Tsk 1824 M417-T1,858,Mod417,Mod406,,1,10000,Mod415,Mod406
T2302,Tsk 2302 M700-T1,2335,Mod700,Mod674,,1,10000,Mod699,Mod674
T2041,Tsk 2041 M879-T2,1144,Mod879,Mod846,,1,10000,Mod877,Mod846
T1954,Tsk 1954 M540-T1,1749,Mod540,Mod334,,1,10000,Mod538,Mod334
T1862,Tsk 1862 M353-T1,4291,Mod353,Mod334,,1,10000,Mod335,Mod334
T2071,Tsk 2071 M720-T2,3725,Mod720,Mod674,,1,10000,Mod719,Mod674
T1867,Tsk 1867 M580-T1,2258,Mod580,Mod334,,1,10000,Mod576,Mod334
T1968,Tsk 1968 M1967-T1,1423,Mod1967,Mod334,,1,10000,Mod1715,Mod334
T1804,Tsk 1804 M487-T3b,1129,Mod487,Mod334,,1,10000,Mod406,Mod334
T481,Tsk 481 M480-T1,12646,Mod480,Mod334,,1,10000,Mod406,Mod334
T1983,Tsk 1983 M609-T1,1330,Mod609,Mod334,,1,10000,Mod576,Mod334
T2289,Tsk 2289 M465-T3,665,Mod465,Mod406,,1,10000,Mod463,Mod406
T1950,Tsk 1950 M542-T1,565,Mod542,Mod334,,1,10000,Mod538,Mod334
T2113,Tsk 2113 M677-T2,1924,Mod677,Mod674,,1,10000,Mod675,Mod674
T1827,Tsk 1827 M409-T3,266,Mod409,Mod406,,1,10000,Mod407,Mod406
T2317,Tsk 2317 M497-T1,1751,Mod497,Mod334,,1,10000,Mod406,Mod334
T2003,Tsk 2003 M694-T2,1580,Mod694,Mod674,,1,10000,Mod693,Mod674
T1965,Tsk 1965 M501-T3,692,Mod501,Mod334,,1,10000,Mod406,Mod334
T2191,Tsk 2191 M868-T2,1064,Mod868,Mod846,,1,10000,Mod867,Mod846
T2277,Tsk 2277 M479-T2,11,Mod479,Mod334,,1,10000,Mod406,Mod334
T1853,Tsk 1853 M631-T2,7045,Mod631,Mod334,,1,10000,Mod625,Mod334
T1850,Tsk 1850 M918-T1,1129,Mod918,Mod334,,1,10000,Mod846,Mod334
T2126,Tsk 2126 M853-T1,34588,Mod853,Mod846,,1,10000,Mod851,Mod846
T1692,Tsk 1692 M936-T1,3049,Mod936,Mod334,,1,10000,Mod846,Mod334
T2019,Tsk 2019 M951-T1,1330,Mod951,Mod948,,1,10000,Mod949,Mod948
T2057,Tsk 2057 M863-T3,399,Mod863,Mod846,,1,10000,Mod862,Mod846
T2129,Tsk 2129 M493-T2,1281,Mod493,Mod334,,1,10000,Mod406,Mod334
T1988,Tsk 1988 M908-T2,1330,Mod908,Mod846,,1,10000,Mod907,Mod846
T1816,Tsk 1816 M345-T2,22414,Mod345,Mod335,,1,10000,Mod343,Mod335
T2183,Tsk 2183 M468-T2,4991,Mod468,Mod406,,1,10000,Mod466,Mod406
T2222,Tsk 2222 M680-T2,2109,Mod680,Mod674,,1,10000,Mod678,Mod674
T1955,Tsk 1955 M540-T2,1694,Mod540,Mod334,,1,10000,Mod538,Mod334
T2238,Tsk 2238 M742-T2,339,Mod742,Mod334,,1,10000,Mod674,Mod334
T2316,Tsk 2316 M497-T2,350,Mod497,Mod334,,1,10000,Mod406,Mod334
T2162,Tsk 2162 M474-T1,2849,Mod474,Mod406,,1,10000,Mod473,Mod406
T1742,Tsk 1742 M761-T3,1129,Mod761,Mod334,,1,10000,Mod760,Mod334
T1771,Tsk 1771 M623-T1,1281,Mod623,Mod334,,1,10000,Mod622,Mod334
T2233,Tsk 2233 M947-T1,6775,Mod947,Mod334,,1,10000,Mod846,Mod334
T2047,Tsk 2047 M662-T3,640,Mod662,Mod334,,1,10000,Mod659,Mod334
T1789,Tsk 1789 M732-T1,1129,Mod732,Mod334,,1,10000,Mod674,Mod334
T1723,Tsk 1723 M929-T3,399,Mod929,Mod334,,1,10000,Mod846,Mod334
T1744,Tsk 1744 M840-T4,19532,Mod840,Mod334,,1,10000,Mod834,Mod334
T2270,Tsk 2270 M772-T3,266,Mod772,Mod770,,1,10000,Mod771,Mod770
T1873,Tsk 1873 M688-T4,266,Mod688,Mod674,,1,10000,Mod681,Mod674
T1872,Tsk 1872 M688-T3,3991,Mod688,Mod674,,1,10000,Mod681,Mod674
T2223,Tsk 2223 M680-T4,1054,Mod680,Mod674,,1,10000,Mod678,Mod674
T2050,Tsk 2050 M574-T1,2395,Mod574,Mod334,,1,10000,Mod558,Mod334
T2149,Tsk 2149 M926-T3,133,Mod926,Mod334,,1,10000,Mod846,Mod334
T1732,Tsk 1732 M1731-T1,565,Mod1731,Mod334,,1,10000,Mod1715,Mod334
T2320,Tsk 2320 M727-T1,2414,Mod727,Mod334,,1,10000,Mod674,Mod334
T2285,Tsk 2285 M456-T1,2822,Mod456,Mod406,,1,10000,Mod454,Mod406
T2283,Tsk 2283 M730-T1,2258,Mod730,Mod334,,1,10000,Mod674,Mod334
T1717,Tsk 1717 M1716-T1,565,Mod1716,Mod334,,1,10000,Mod1715,Mod334
T1724,Tsk 1724 M692-T1,2335,Mod692,Mod674,,1,10000,Mod690,Mod674
T1933,Tsk 1933 M617-T2,6724,Mod617,Mod334,,1,10000,Mod613,Mod334
T2256,Tsk 2256 M364-T1,2032,Mod364,Mod334,,1,10000,Mod335,Mod334
T2022,Tsk 2022 M779-T1,9032,Mod779,Mod334,,1,10000,Mod770,Mod334
T1944,Tsk 1944 M511-T1,2936,Mod511,Mod334,,1,10000,Mod406,Mod334
T1969,Tsk 1969 M1967-T2,53,Mod1967,Mod334,,1,10000,Mod1715,Mod334
T803,Tsk 803 M802-T1,2149,Mod802,Mod334,,1,10000,Mod795,Mod334
T2169,Tsk 2169 M703-T2,798,Mod703,Mod674,,1,10000,Mod702,Mod674
T1962,Tsk 1962 M905-T1,5645,Mod905,Mod846,,1,10000,Mod904,Mod846
T2015,Tsk 2015 M706-T3,4707,Mod706,Mod674,,1,10000,Mod705,Mod674
T927,Tsk 927 M926-T1,1468,Mod926,Mod334,,1,10000,Mod846,Mod334
T2274,Tsk 2274 M624-T1,6084,Mod624,Mod334,,1,10000,Mod622,Mod334
T2038,Tsk 2038 M504-T1,903,Mod504,Mod334,,1,10000,Mod406,Mod334
T483,Tsk 483 M482-T1,2258,Mod482,Mod334,,1,10000,Mod406,Mod334
T2069,Tsk 2069 M375-T1,7000,Mod375,Mod370,,1,10000,Mod374,Mod370
T2064,Tsk 2064 M480-T2,23,Mod480,Mod334,,1,10000,Mod406,Mod334
T1876,Tsk 1876 M688-T6,3991,Mod688,Mod674,,1,10000,Mod681,Mod674
T1805,Tsk 1805 M487-T2,2258,Mod487,Mod334,,1,10000,Mod406,Mod334
T2156,Tsk 2156 M482-T2,23,Mod482,Mod334,,1,10000,Mod406,Mod334
T2275,Tsk 2275 M433-T2,4507,Mod433,Mod406,,1,10000,Mod431,Mod406
T1903,Tsk 1903 M524-T3b,1168,Mod524,Mod522,,1,10000,Mod523,Mod522
T2143,Tsk 2143 M850-T2b,3991,Mod850,Mod846,,1,10000,Mod847,Mod846
T1997,Tsk 1997 M525-T2,13128,Mod525,Mod522,,1,10000,Mod523,Mod522
T1857,Tsk 1857 M341-T1,8966,Mod341,Mod335,,1,10000,Mod336,Mod335
T2100,Tsk 2100 M546-T1,4064,Mod546,Mod334,,1,10000,Mod538,Mod334
T1919,Tsk 1919 M664-T1,961,Mod664,Mod334,,1,10000,Mod659,Mod334
T350,Tsk 350 M349-T1,5645,Mod349,Mod334,,1,10000,Mod335,Mod334
T1786,Tsk 1786 M389-T1,2710,Mod389,Mod370,,1,10000,Mod388,Mod370
T2298,Tsk 2298 M599-T1,2395,Mod599,Mod334,,1,10000,Mod576,Mod334
T2144,Tsk 2144 M850-T4,3326,Mod850,Mod846,,1,10000,Mod847,Mod846
T1793,Tsk 1793 M588-T2,23,Mod588,Mod334,,1,10000,Mod576,Mod334
T2000,Tsk 2000 M1998-T1,1129,Mod1998,Mod334,,1,10000,Mod1715,Mod334
T1923,Tsk 1923 M372-T3,1410,Mod372,Mod370,,1,10000,Mod371,Mod370
T1703,Tsk 1703 M605-T1,7982,Mod605,Mod334,,1,10000,Mod576,Mod334
T1915,Tsk 1915 M1914-T1,1341,Mod1914,Mod334,,1,10000,Mod1715,Mod334
T2224,Tsk 2224 M680-T1,1054,Mod680,Mod674,,1,10000,Mod678,Mod674
T2161,Tsk 2161 M2160-T1,3600,Mod2160,Mod334,,1,10000,Mod1715,Mod334
T1746,Tsk 1746 M373-T1,532,Mod373,Mod370,,1,10000,Mod371,Mod370
T1728,Tsk 1728 M724-T2,11,Mod724,Mod334,,1,10000,Mod674,Mod334
T1695,Tsk 1695 M865-T2,532,Mod865,Mod846,,1,10000,Mod862,Mod846
T1794,Tsk 1794 M588-T1,5194,Mod588,Mod334,,1,10000,Mod576,Mod334
T1798,Tsk 1798 M894-T1,3613,Mod894,Mod846,,1,10000,Mod893,Mod846
T1882,Tsk 1882 M708-T1,483,Mod708,Mod674,,1,10000,Mod705,Mod674
T2269,Tsk 2269 M488-T1,23546,Mod488,Mod334,,1,10000,Mod406,Mod334
T1815,Tsk 1815 M596-T1,3991,Mod596,Mod334,,1,10000,Mod576,Mod334
T2104,Tsk 2104 M338-T2,9606,Mod338,Mod335,,1,10000,Mod336,Mod335
T1891,Tsk 1891 M476-T2,992,Mod476,Mod406,,1,10000,Mod473,Mod406
T2237,Tsk 2237 M408-T3,266,Mod408,Mod406,,1,10000,Mod407,Mod406
T2109,Tsk 2109 M2107-T1,6210,Mod2107,Mod334,,1,10000,Mod1715,Mod334
T2182,Tsk 2182 M872-T3,931,Mod872,Mod846,,1,10000,Mod870,Mod846
T517,Tsk 517 M516-T1,6775,Mod516,Mod334,,1,10000,Mod406,Mod334
T1852,Tsk 1852 M910-T1,2258,Mod910,Mod334,,1,10000,Mod846,Mod334
T1889,Tsk 1889 M541-T1,5246,Mod541,Mod334,,1,10000,Mod538,Mod334
T1924,Tsk 1924 M372-T5,1517,Mod372,Mod370,,1,10000,Mod371,Mod370
T792,Tsk 792 M791-T1,1694,Mod791,Mod334,,1,10000,Mod770,Mod334
T1927,Tsk 1927 M937-T1,2145,Mod937,Mod334,,1,10000,Mod846,Mod334
T2308,Tsk 2308 M911-T1,5645,Mod911,Mod334,,1,10000,Mod846,Mod334
T1926,Tsk 1926 M937-T3,5871,Mod937,Mod334,,1,10000,Mod846,Mod334
T805,Tsk 805 M804-T1,1238,Mod804,Mod334,,1,10000,Mod795,Mod334
T2254,Tsk 2254 M340-T2,4803,Mod340,Mod335,,1,10000,Mod336,Mod335
T1897,Tsk 1897 M854-T1,34588,Mod854,Mod846,,1,10000,Mod851,Mod846
T2201,Tsk 2201 M544-T1,874,Mod544,Mod334,,1,10000,Mod538,Mod334
T811,Tsk 811 M810-T1,7496,Mod810,Mod334,,1,10000,Mod795,Mod334
T2114,Tsk 2114 M677-T1,7000,Mod677,Mod674,,1,10000,Mod675,Mod674
T1785,Tsk 1785 M1784-T1,7200,Mod1784,Mod334,,1,10000,Mod1715,Mod334
T2276,Tsk 2276 M349-T2,23,Mod349,Mod334,,1,10000,Mod335,Mod334
T875,Tsk 875 M874-T1,9879,Mod874,Mod846,,1,10000,Mod873,Mod846
T2110,Tsk 2110 M472-T3,319,Mod472,Mod406,,1,10000,Mod469,Mod406
T1936,Tsk 1936 M921-T2,4064,Mod921,Mod334,,1,10000,Mod846,Mod334
T1738,Tsk 1738 M592-T1,1129,Mod592,Mod334,,1,10000,Mod576,Mod334
T2304,Tsk 2304 M2303-T1,5600,Mod2303,Mod334,,1,10000,Mod1715,Mod334
T2152,Tsk 2152 M427-T1,5854,Mod427,Mod406,,1,10000,Mod426,Mod406
T443,Tsk 443 M442-T1,2258,Mod442,Mod406,,1,10000,Mod441,Mod406
T1718,Tsk 1718 M695-T2,1580,Mod695,Mod674,,1,10000,Mod693,Mod674
T2178,Tsk 2178 M386-T1,2710,Mod386,Mod370,,1,10000,Mod385,Mod370
T1790,Tsk 1790 M744-T1,2822,Mod744,Mod334,,1,10000,Mod674,Mod334
T2046,Tsk 2046 M662-T1,640,Mod662,Mod334,,1,10000,Mod659,Mod334
T1817,Tsk 1817 M759-T1,23680,Mod759,Mod334,,1,10000,Mod758,Mod334
T1812,Tsk 1812 M395-T4,36130,Mod395,Mod334,,1,10000,Mod370,Mod334
T2263,Tsk 2263 M396-T2,4197,Mod396,Mod334,,1,10000,Mod370,Mod334
T1832,Tsk 1832 M547-T2,1807,Mod547,Mod334,,1,10000,Mod538,Mod334
T1929,Tsk 1929 M937-T2,4516,Mod937,Mod334,,1,10000,Mod846,Mod334
T1869,Tsk 1869 M621-T2,1921,Mod621,Mod334,,1,10000,Mod619,Mod334
T1843,Tsk 1843 M691-T1,2335,Mod691,Mod674,,1,10000,Mod690,Mod674
T1885,Tsk 1885 M464-T1,4403,Mod464,Mod406,,1,10000,Mod463,Mod406
T2166,Tsk 2166 M379-T1,7000,Mod379,Mod370,,1,10000,Mod378,Mod370
T2251,Tsk 2251 M909-T1,1366,Mod909,Mod846,,1,10000,Mod907,Mod846
T1866,Tsk 1866 M740-T1,4828,Mod740,Mod334,,1,10000,Mod674,Mod334
T2141,Tsk 2141 M850-T2,2597,Mod850,Mod846,,1,10000,Mod847,Mod846
T1708,Tsk 1708 M869-T3,665,Mod869,Mod846,,1,10000,Mod867,Mod846
T1791,Tsk 1791 M744-T4,532,Mod744,Mod334,,1,10000,Mod674,Mod334
T2155,Tsk 2155 M897-T1,565,Mod897,Mod846,,1,10000,Mod896,Mod846
T2074,Tsk 2074 M2073-T2,9000,Mod2073,Mod334,,1,10000,Mod1715,Mod334
T778,Tsk 778 M777-T1,6775,Mod777,Mod334,,1,10000,Mod770,Mod334
T1938,Tsk 1938 M457-T1,2822,Mod457,Mod406,,1,10000,Mod454,Mod406
T1737,Tsk 1737 M424-T2,9926,Mod424,Mod406,,1,10000,Mod418,Mod406
T2052,Tsk 2052 M735-T2,1281,Mod735,Mod334,,1,10000,Mod674,Mod334
T1775,Tsk 1775 M667-T2,5321,Mod667,Mod334,,1,10000,Mod665,Mod334
T1971,Tsk 1971 M503-T2,53,Mod503,Mod334,,1,10000,Mod406,Mod334
T1710,Tsk 1710 M394-T1,1580,Mod394,Mod334,,1,10000,Mod370,Mod334
T2012,Tsk 2012 M498-T1,1238,Mod498,Mod334,,1,10000,Mod406,Mod334
T1811,Tsk 1811 M395-T2,4197,Mod395,Mod334,,1,10000,Mod370,Mod334
T2164,Tsk 2164 M505-T1,4366,Mod505,Mod334,,1,10000,Mod406,Mod334
T2306,Tsk 2306 M555-T2,10567,Mod555,Mod334,,1,10000,Mod554,Mod334
T1863,Tsk 1863 M477-T2,11,Mod477,Mod334,,1,10000,Mod406,Mod334
T1991,Tsk 1991 M786-T2,2395,Mod786,Mod334,,1,10000,Mod770,Mod334
T821,Tsk 821 M820-T1,934,Mod820,Mod334,,1,10000,Mod795,Mod334
T1918,Tsk 1918 M381-T1,677,Mod381,Mod370,,1,10000,Mod378,Mod370
T2043,Tsk 2043 M879-T1,14452,Mod879,Mod846,,1,10000,Mod877,Mod846
T1964,Tsk 1964 M501-T2,1775,Mod501,Mod334,,1,10000,Mod406,Mod334
T1719,Tsk 1719 M695-T1,798,Mod695,Mod674,,1,10000,Mod693,Mod674
T1814,Tsk 1814 M395-T1,532,Mod395,Mod334,,1,10000,Mod370,Mod334
T1975,Tsk 1975 M411-T3,266,Mod411,Mod406,,1,10000,Mod407,Mod406
T1999,Tsk 1999 M1998-T2,1129,Mod1998,Mod334,,1,10000,Mod1715,Mod334
T2203,Tsk 2203 M435-T2,2102,Mod435,Mod406,,1,10000,Mod431,Mod406
T2208,Tsk 2208 M629-T2,5764,Mod629,Mod334,,1,10000,Mod625,Mod334
T1818,Tsk 1818 M950-T3,1862,Mod950,Mod948,,1,10000,Mod949,Mod948
T2163,Tsk 2163 M595-T1,798,Mod595,Mod334,,1,10000,Mod576,Mod334
T2111,Tsk 2111 M472-T2,934,Mod472,Mod406,,1,10000,Mod469,Mod406
T2294,Tsk 2294 M736-T2,5443,Mod736,Mod334,,1,10000,Mod674,Mod334
T2103,Tsk 2103 M491-T2,12488,Mod491,Mod334,,1,10000,Mod406,Mod334
T801,Tsk 801 M800-T1,1448,Mod800,Mod334,,1,10000,Mod795,Mod334
T2119,Tsk 2119 M757-T1,4064,Mod757,Mod334,,1,10000,Mod755,Mod334
T1970,Tsk 1970 M1967-T3,931,Mod1967,Mod334,,1,10000,Mod1715,Mod334
T1982,Tsk 1982 M888-T1,1129,Mod888,Mod846,,1,10000,Mod885,Mod846
T1720,Tsk 1720 M714-T1,4586,Mod714,Mod674,,1,10000,Mod713,Mod674
T1940,Tsk 1940 M707-T1,11345,Mod707,Mod674,,1,10000,Mod705,Mod674
T1750,Tsk 1750 M630-T2,14089,Mod630,Mod334,,1,10000,Mod625,Mod334
T1932,Tsk 1932 M563-T1,2032,Mod563,Mod334,,1,10000,Mod558,Mod334
T2026,Tsk 2026 M682-T2,1330,Mod682,Mod674,,1,10000,Mod681,Mod674
T1855,Tsk 1855 M912-T1,113,Mod912,Mod334,,1,10000,Mod846,Mod334
T2053,Tsk 2053 M437-T2,4507,Mod437,Mod406,,1,10000,Mod436,Mod406
T2310,Tsk 2310 M743-T1,2822,Mod743,Mod334,,1,10000,Mod674,Mod334
T1753,Tsk 1753 M590-T1,1330,Mod590,Mod334,,1,10000,Mod576,Mod334
T1871,Tsk 1871 M688-T5,665,Mod688,Mod674,,1,10000,Mod681,Mod674
T1831,Tsk 1831 M354-T1,3387,Mod354,Mod334,,1,10000,Mod335,Mod334
T1989,Tsk 1989 M786-T3,399,Mod786,Mod334,,1,10000,Mod770,Mod334
T1978,Tsk 1978 M380-T1,1250,Mod380,Mod370,,1,10000,Mod378,Mod370
T1833,Tsk 1833 M547-T1,1679,Mod547,Mod334,,1,10000,Mod538,Mod334
T1820,Tsk 1820 M950-T1,7226,Mod950,Mod948,,1,10000,Mod949,Mod948
T2085,Tsk 2085 M679-T1,1129,Mod679,Mod674,,1,10000,Mod678,Mod674
T2284,Tsk 2284 M730-T2,2927,Mod730,Mod334,,1,10000,Mod674,Mod334
T2054,Tsk 2054 M448-T2,2,Mod448,Mod406,,1,10000,Mod441,Mod406
T2120,Tsk 2120 M765-T1,1694,Mod765,Mod334,,1,10000,Mod763,Mod334
T1709,Tsk 1709 M869-T2,1064,Mod869,Mod846,,1,10000,Mod867,Mod846
T1937,Tsk 1937 M457-T2,1064,Mod457,Mod406,,1,10000,Mod454,Mod406
T2231,Tsk 2231 M414-T5,11,Mod414,Mod406,,1,10000,Mod412,Mod406
T2227,Tsk 2227 M663-T2,1281,Mod663,Mod334,,1,10000,Mod659,Mod334
T2200,Tsk 2200 M544-T2,1343,Mod544,Mod334,,1,10000,Mod538,Mod334
T2311,Tsk 2311 M743-T4,532,Mod743,Mod334,,1,10000,Mod674,Mod334
T2084,Tsk 2084 M679-T2,2258,Mod679,Mod674,,1,10000,Mod678,Mod674
T2146,Tsk 2146 M2145-T1,12871,Mod2145,Mod334,,1,10000,Mod1715,Mod334
T2174,Tsk 2174 M676-T2,1924,Mod676,Mod674,,1,10000,Mod675,Mod674
T2063,Tsk 2063 M413-T2,1191,Mod413,Mod406,,1,10000,Mod412,Mod406
T807,Tsk 807 M806-T1,1448,Mod806,Mod334,,1,10000,Mod795,Mod334
T2153,Tsk 2153 M438-T2,6772,Mod438,Mod406,,1,10000,Mod436,Mod406
T2040,Tsk 2040 M543-T2,1953,Mod543,Mod334,,1,10000,Mod538,Mod334
T485,Tsk 485 M484-T1,2258,Mod484,Mod334,,1,10000,Mod406,Mod334
T1762,Tsk 1762 M701-T1,2335,Mod701,Mod674,,1,10000,Mod699,Mod674
T2249,Tsk 2249 M909-T2,1330,Mod909,Mod846,,1,10000,Mod907,Mod846
T1851,Tsk 1851 M910-T2,11,Mod910,Mod334,,1,10000,Mod846,Mod334
T1961,Tsk 1961 M905-T2,2129,Mod905,Mod846,,1,10000,Mod904,Mod846
T2008,Tsk 2008 M495-T2,3842,Mod495,Mod334,,1,10000,Mod406,Mod334
T1939,Tsk 1939 M549-T1,1129,Mod549,Mod334,,1,10000,Mod548,Mod334
T1725,Tsk 1725 M738-T2,8645,Mod738,Mod334,,1,10000,Mod674,Mod334
T685,Tsk 685 M683-T2,6347,Mod683,Mod674,,1,10000,Mod681,Mod674
T2252,Tsk 2252 M467-T3,2518,Mod467,Mod406,,1,10000,Mod466,Mod406
T1941,Tsk 1941 M906-T3,798,Mod906,Mod846,,1,10000,Mod904,Mod846
T2036,Tsk 2036 M953-T2,1399,Mod953,Mod948,,1,10000,Mod952,Mod948
T1947,Tsk 1947 M404-T1,1064,Mod404,Mod334,,1,10000,Mod402,Mod334
T1782,Tsk 1782 M876-T3,2660,Mod876,Mod846,,1,10000,Mod873,Mod846
T2271,Tsk 2271 M772-T1,1807,Mod772,Mod770,,1,10000,Mod771,Mod770
T1830,Tsk 1830 M892-T1,2145,Mod892,Mod846,,1,10000,Mod890,Mod846
T2301,Tsk 2301 M597-T1,4789,Mod597,Mod334,,1,10000,Mod576,Mod334
T1912,Tsk 1912 M434-T1,3386,Mod434,Mod406,,1,10000,Mod431,Mod406
T1776,Tsk 1776 M667-T1,1597,Mod667,Mod334,,1,10000,Mod665,Mod334
T1803,Tsk 1803 M487-T2b,565,Mod487,Mod334,,1,10000,Mod406,Mod334
T2098,Tsk 2098 M861-T1,11065,Mod861,Mod846,,1,10000,Mod859,Mod846
T2287,Tsk 2287 M579-T1,2258,Mod579,Mod334,,1,10000,Mod576,Mod334
T2273,Tsk 2273 M444-T1,903,Mod444,Mod406,,1,10000,Mod441,Mod406
T1980,Tsk 1980 M878-T2,1144,Mod878,Mod846,,1,10000,Mod877,Mod846
T2181,Tsk 2181 M872-T1,2258,Mod872,Mod846,,1,10000,Mod870,Mod846
T1910,Tsk 1910 M725-T1,5645,Mod725,Mod334,,1,10000,Mod674,Mod334
T1797,Tsk 1797 M756-T2,798,Mod756,Mod334,,1,10000,Mod755,Mod334
T2037,Tsk 2037 M953-T1,7226,Mod953,Mod948,,1,10000,Mod952,Mod948
T2212,Tsk 2212 M419-T2,1921,Mod419,Mod406,,1,10000,Mod418,Mod406
T2018,Tsk 2018 M398-T2,1807,Mod398,Mod334,,1,10000,Mod370,Mod334
T2045,Tsk 2045 M662-T2,1921,Mod662,Mod334,,1,10000,Mod659,Mod334
T2056,Tsk 2056 M863-T2,532,Mod863,Mod846,,1,10000,Mod862,Mod846
T2092,Tsk 2092 M492-T2,12167,Mod492,Mod334,,1,10000,Mod406,Mod334
T1931,Tsk 1931 M919-T1,9032,Mod919,Mod334,,1,10000,Mod846,Mod334
T1957,Tsk 1957 M633-T2,640,Mod633,Mod334,,1,10000,Mod632,Mod334
T1777,Tsk 1777 M667-T3,2395,Mod667,Mod334,,1,10000,Mod665,Mod334
T1788,Tsk 1788 M1787-T1,565,Mod1787,Mod334,,1,10000,Mod1715,Mod334
T2004,Tsk 2004 M694-T1,798,Mod694,Mod674,,1,10000,Mod693,Mod674
T2216,Tsk 2216 M913-T2,11,Mod913,Mod334,,1,10000,Mod846,Mod334
T2105,Tsk 2105 M539-T2,2822,Mod539,Mod334,,1,10000,Mod538,Mod334
T2080,Tsk 2080 M2078-T2,23,Mod2078,Mod334,,1,10000,Mod1715,Mod334
T1966,Tsk 1966 M553-T1,2258,Mod553,Mod334,,1,10000,Mod550,Mod334
T1848,Tsk 1848 M711-T1,11345,Mod711,Mod674,,1,10000,Mod709,Mod674
T2066,Tsk 2066 M2065-T1,7200,Mod2065,Mod334,,1,10000,Mod1715,Mod334
T1878,Tsk 1878 M886-T1,4460,Mod886,Mod846,,1,10000,Mod885,Mod846
T1905,Tsk 1905 M833-T3,1064,Mod833,Mod334,,1,10000,Mod831,Mod334
T2279,Tsk 2279 M946-T2,2,Mod946,Mod334,,1,10000,Mod846,Mod334
T2214,Tsk 2214 M729-T1,2258,Mod729,Mod334,,1,10000,Mod674,Mod334
T1976,Tsk 1976 M411-T1,584,Mod411,Mod406,,1,10000,Mod407,Mod406
T2188,Tsk 2188 M829-T1,677,Mod829,Mod334,,1,10000,Mod828,Mod334
T1860,Tsk 1860 M432-T1,747,Mod432,Mod406,,1,10000,Mod431,Mod406
T2035,Tsk 2035 M953-T3,1862,Mod953,Mod948,,1,10000,Mod952,Mod948
T1995,Tsk 1995 M384-T2,1729,Mod384,Mod370,,1,10000,Mod382,Mod370
T917,Tsk 917 M916-T1,1129,Mod916,Mod334,,1,10000,Mod846,Mod334
T2278,Tsk 2278 M479-T1,2777,Mod479,Mod334,,1,10000,Mod406,Mod334
T1887,Tsk 1887 M741-T1,7903,Mod741,Mod334,,1,10000,Mod674,Mod334
T1993,Tsk 1993 M789-T2,23,Mod789,Mod334,,1,10000,Mod770,Mod334
T1711,Tsk 1711 M421-T2,1601,Mod421,Mod406,,1,10000,Mod418,Mod406
T2282,Tsk 2282 M651-T3,3600,Mod651,Mod334,,1,10000,Mod650,Mod334
T1739,Tsk 1739 M342-T1,2242,Mod342,Mod335,,1,10000,Mod336,Mod335
T2017,Tsk 2017 M518-T1,1064,Mod518,Mod334,,1,10000,Mod406,Mod334
T2112,Tsk 2112 M898-T1,565,Mod898,Mod846,,1,10000,Mod896,Mod846
T1909,Tsk 1909 M725-T2,11,Mod725,Mod334,,1,10000,Mod674,Mod334
T1780,Tsk 1780 M876-T4,665,Mod876,Mod846,,1,10000,Mod873,Mod846
T1987,Tsk 1987 M908-T3,266,Mod908,Mod846,,1,10000,Mod907,Mod846
T1890,Tsk 1890 M762-T1,2597,Mod762,Mod334,,1,10000,Mod760,Mod334
T2168,Tsk 2168 M703-T1,2348,Mod703,Mod674,,1,10000,Mod702,Mod674
T1917,Tsk 1917 M827-T4,3202,Mod827,Mod334,,1,10000,Mod826,Mod334
T1829,Tsk 1829 M391-T2,23,Mod391,Mod334,,1,10000,Mod370,Mod334
T2014,Tsk 2014 M661-T2,4803,Mod661,Mod334,,1,10000,Mod659,Mod334
T2244,Tsk 2244 M416-T1,858,Mod416,Mod406,,1,10000,Mod415,Mod406
T1745,Tsk 1745 M373-T3,1410,Mod373,Mod370,,1,10000,Mod371,Mod370
T2158,Tsk 2158 M377-T1,677,Mod377,Mod370,,1,10000,Mod374,Mod370
T1808,Tsk 1808 M475-T2,3806,Mod475,Mod406,,1,10000,Mod473,Mod406
T2290,Tsk 2290 M420-T2,1281,Mod420,Mod406,,1,10000,Mod418,Mod406
T2070,Tsk 2070 M720-T1,13639,Mod720,Mod674,,1,10000,Mod719,Mod674
T1841,Tsk 1841 M794-T1,3497,Mod794,Mod334,,1,10000,Mod793,Mod334
T1801,Tsk 1801 M487-T1,1129,Mod487,Mod334,,1,10000,Mod406,Mod334
T2198,Tsk 2198 M728-T2,23,Mod728,Mod334,,1,10000,Mod674,Mod334
T1774,Tsk 1774 M410-T1,584,Mod410,Mod406,,1,10000,Mod407,Mod406
T2215,Tsk 2215 M510-T1,15964,Mod510,Mod334,,1,10000,Mod406,Mod334
T1884,Tsk 1884 M464-T3,665,Mod464,Mod406,,1,10000,Mod463,Mod406
T1894,Tsk 1894 M841-T3,17611,Mod841,Mod334,,1,10000,Mod834,Mod334
T2031,Tsk 2031 M843-T2,3842,Mod843,Mod334,,1,10000,Mod834,Mod334
T2089,Tsk 2089 M836-T3,12167,Mod836,Mod834,,1,10000,Mod835,Mod834
T1756,Tsk 1756 M429-T1,5854,Mod429,Mod406,,1,10000,Mod426,Mod406
T2209,Tsk 2209 M618-T2,8005,Mod618,Mod334,,1,10000,Mod613,Mod334
T2027,Tsk 2027 M682-T4,266,Mod682,Mod674,,1,10000,Mod681,Mod674
T1828,Tsk 1828 M391-T1,16710,Mod391,Mod334,,1,10000,Mod370,Mod334
T2205,Tsk 2205 M387-T1,1355,Mod387,Mod370,,1,10000,Mod385,Mod370
T2220,Tsk 2220 M428-T1,5854,Mod428,Mod406,,1,10000,Mod426,Mod406
T1721,Tsk 1721 M929-T2,1064,Mod929,Mod334,,1,10000,Mod846,Mod334
T2243,Tsk 2243 M654-T2,5123,Mod654,Mod334,,1,10000,Mod653,Mod334
T1913,Tsk 1913 M943-T2,1330,Mod943,Mod334,,1,10000,Mod846,Mod334
T1893,Tsk 1893 M942-T1,1807,Mod942,Mod334,,1,10000,Mod846,Mod334
T2091,Tsk 2091 M492-T4,8005,Mod492,Mod334,,1,10000,Mod406,Mod334
T2245,Tsk 2245 M832-T2,3522,Mod832,Mod334,,1,10000,Mod831,Mod334
T601,Tsk 601 M600-T1,11973,Mod600,Mod334,,1,10000,Mod576,Mod334
T1845,Tsk 1845 M666-T2,1281,Mod666,Mod334,,1,10000,Mod665,Mod334
T2239,Tsk 2239 M742-T1,339,Mod742,Mod334,,1,10000,Mod674,Mod334
T864,Tsk 864 M863-T1,1242,Mod863,Mod846,,1,10000,Mod862,Mod846
T1749,Tsk 1749 M1748-T1,2660,Mod1748,Mod334,,1,10000,Mod1715,Mod334
T2321,Tsk 2321 M616-T2,8005,Mod616,Mod334,,1,10000,Mod613,Mod334
T2177,Tsk 2177 M392-T2,6404,Mod392,Mod334,,1,10000,Mod370,Mod334
T2142,Tsk 2142 M850-T3,4124,Mod850,Mod846,,1,10000,Mod847,Mod846
T1921,Tsk 1921 M673-T2,1921,Mod673,Mod334,,1,10000,Mod672,Mod334
T2002,Tsk 2002 M739-T2,2242,Mod739,Mod334,,1,10000,Mod674,Mod334
T2229,Tsk 2229 M414-T2,1191,Mod414,Mod406,,1,10000,Mod412,Mod406
T1734,Tsk 1734 M938-T1,5306,Mod938,Mod334,,1,10000,Mod846,Mod334
T2312,Tsk 2312 M743-T3,565,Mod743,Mod334,,1,10000,Mod674,Mod334
T2024,Tsk 2024 M697-T2,1807,Mod697,Mod674,,1,10000,Mod696,Mod674
T2134,Tsk 2134 M764-T1,4968,Mod764,Mod334,,1,10000,Mod763,Mod334
T1942,Tsk 1942 M906-T2,2129,Mod906,Mod846,,1,10000,Mod904,Mod846
T2319,Tsk 2319 M489-T1,1101,Mod489,Mod334,,1,10000,Mod406,Mod334
T1892,Tsk 1892 M476-T3,239,Mod476,Mod406,,1,10000,Mod473,Mod406
T2032,Tsk 2032 M486-T1,1197,Mod486,Mod334,,1,10000,Mod406,Mod334
T2007,Tsk 2007 M564-T1,2258,Mod564,Mod334,,1,10000,Mod558,Mod334
T1754,Tsk 1754 M590-T3,532,Mod590,Mod334,,1,10000,Mod576,Mod334
T1702,Tsk 1702 M502-T2,239,Mod502,Mod334,,1,10000,Mod406,Mod334
T1800,Tsk 1800 M652-T1,1601,Mod652,Mod334,,1,10000,Mod650,Mod334
T1690,Tsk 1690 M936-T2,665,Mod936,Mod334,,1,10000,Mod846,Mod334
T2202,Tsk 2202 M575-T1,1330,Mod575,Mod334,,1,10000,Mod558,Mod334
T866,Tsk 866 M865-T1,1242,Mod865,Mod846,,1,10000,Mod862,Mod846
T2083,Tsk 2083 M2082-T2,1897,Mod2082,Mod334,,1,10000,Mod1715,Mod334
T2261,Tsk 2261 M396-T3,3725,Mod396,Mod334,,1,10000,Mod370,Mod334
T1757,Tsk 1757 M945-T1,6775,Mod945,Mod334,,1,10000,Mod846,Mod334
T2094,Tsk 2094 M492-T5,4803,Mod492,Mod334,,1,10000,Mod406,Mod334
T2001,Tsk 2001 M718-T1,2414,Mod718,Mod674,,1,10000,Mod716,Mod674
